﻿-- Create some Kurs entries
INSERT INTO KURS (ID, NAME) VALUES (1 , 'Karate'       );
INSERT INTO KURS (ID, NAME) VALUES (2 , 'Fussball'     );
INSERT INTO KURS (ID, NAME) VALUES (3 , 'Handball'     );
INSERT INTO KURS (ID, NAME) VALUES (4 , 'Tennis'       );
INSERT INTO KURS (ID, NAME) VALUES (5 , 'Tischtennis'  );
INSERT INTO KURS (ID, NAME) VALUES (6 , 'Basketball'   );
INSERT INTO KURS (ID, NAME) VALUES (7 , 'Bogenschiessen');
INSERT INTO KURS (ID, NAME) VALUES (8 , 'Bowling'      );
INSERT INTO KURS (ID, NAME) VALUES (9 , 'Eishockey'    );
INSERT INTO KURS (ID, NAME) VALUES (10, 'Federball'    );
INSERT INTO KURS (ID, NAME) VALUES (11, 'Golf'         );
INSERT INTO KURS (ID, NAME) VALUES (12, 'Yoga'         );

-- Create some Login entries
INSERT INTO LOGIN (ID, USERNAME, PASSWORD) VALUES (1 ,  'root'     , 'root'  );
INSERT INTO LOGIN (ID, USERNAME, PASSWORD) VALUES (2 ,  'Hans'     , '123456');
INSERT INTO LOGIN (ID, USERNAME, PASSWORD) VALUES (3 ,  'Dirk'     , '123456');
INSERT INTO LOGIN (ID, USERNAME, PASSWORD) VALUES (4 ,  'Brunhilde', '123456');
INSERT INTO LOGIN (ID, USERNAME, PASSWORD) VALUES (5 ,  'Siegfried', '123456');
INSERT INTO LOGIN (ID, USERNAME, PASSWORD) VALUES (6 ,  'Traudel'  , '123456');
INSERT INTO LOGIN (ID, USERNAME, PASSWORD) VALUES (7 ,  'Mathilda' , '123456');
INSERT INTO LOGIN (ID, USERNAME, PASSWORD) VALUES (8 ,  'Jonas'    , '123456');
INSERT INTO LOGIN (ID, USERNAME, PASSWORD) VALUES (9 ,  'Frida'    , '123456');
INSERT INTO LOGIN (ID, USERNAME, PASSWORD) VALUES (10,  'Horst'    , '123456');
INSERT INTO LOGIN (ID, USERNAME, PASSWORD) VALUES (11,  'Dietrich' , '123456');

-- Create some Mitglied entries
INSERT INTO MITGLIED (ID, GEBDATUM, GEBORT, GESCHLECHT, NACHNAME, TRITTAUSDATUM, VORNAME) VALUES (1 , '1971-10-31', 'Herborn'       ,'MAENNLICH' ,  'Meier'     ,  '2022-12-09',  'Lukas'     );
INSERT INTO MITGLIED (ID, GEBDATUM, GEBORT, GESCHLECHT, NACHNAME, TRITTAUSDATUM, VORNAME) VALUES (2 , '1972-05-28', 'Bischoffen'    ,'MAENNLICH' ,  'Schmitt'   ,  '2022-12-09',  'Franz'     );
INSERT INTO MITGLIED (ID, GEBDATUM, GEBORT, GESCHLECHT, NACHNAME, TRITTAUSDATUM, VORNAME) VALUES (3 , '1972-08-31', 'Mittenaar'     ,'MAENNLICH' ,  'Schneider' ,  '2022-12-09',  'Kaspar'    );
INSERT INTO MITGLIED (ID, GEBDATUM, GEBORT, GESCHLECHT, NACHNAME, TRITTAUSDATUM, VORNAME) VALUES (4 , '1973-09-01', 'Fronhausen'    ,'WEIBLICH'  ,  'Fischer'   ,  '2022-12-09',  'Janina'    );
INSERT INTO MITGLIED (ID, GEBDATUM, GEBORT, GESCHLECHT, NACHNAME, TRITTAUSDATUM, VORNAME) VALUES (5 , '1973-12-25', 'Staufenberg'   ,'WEIBLICH'  ,  'Weber'     ,  '2022-12-09',  'Marlene'   );
INSERT INTO MITGLIED (ID, GEBDATUM, GEBORT, GESCHLECHT, NACHNAME, TRITTAUSDATUM, VORNAME) VALUES (6 , '1974-09-14', 'Lollar'        ,'MAENNLICH' ,  'Meyer'     ,  '2022-12-09',  'Petrus'    );
INSERT INTO MITGLIED (ID, GEBDATUM, GEBORT, GESCHLECHT, NACHNAME, TRITTAUSDATUM, VORNAME) VALUES (7 , '1975-10-14', 'Wettenberg'    ,'MAENNLICH' ,  'Wagner'    ,  '2022-12-09',  'Roman'     );
INSERT INTO MITGLIED (ID, GEBDATUM, GEBORT, GESCHLECHT, NACHNAME, TRITTAUSDATUM, VORNAME) VALUES (8 , '1976-10-25', 'Rabenau'       ,'WEIBLICH'  ,  'Becker'    ,  '2022-12-09',  'Evelin'    );
INSERT INTO MITGLIED (ID, GEBDATUM, GEBORT, GESCHLECHT, NACHNAME, TRITTAUSDATUM, VORNAME) VALUES (9 , '1977-10-18', 'Solms'         ,'WEIBLICH'  ,  'Schulz'    ,  '2022-12-09',  'Cecilia'   );
INSERT INTO MITGLIED (ID, GEBDATUM, GEBORT, GESCHLECHT, NACHNAME, TRITTAUSDATUM, VORNAME) VALUES (10, '1978-02-01', 'Wetzlar'       ,'WEIBLICH'  ,  'Hoffmann'  ,  '2022-12-09',  'Sybille'   );
INSERT INTO MITGLIED (ID, GEBDATUM, GEBORT, GESCHLECHT, NACHNAME, TRITTAUSDATUM, VORNAME) VALUES (11, '1978-04-23', 'Fernwald'      ,'MAENNLICH' ,  'Schulz'    ,  '2022-12-09',  'Armin'     );
INSERT INTO MITGLIED (ID, GEBDATUM, GEBORT, GESCHLECHT, NACHNAME, TRITTAUSDATUM, VORNAME) VALUES (12, '1979-09-28', 'Lich'          ,'WEIBLICH'  ,  'Koch'      ,  '2022-12-09',  'Hannelore' );
INSERT INTO MITGLIED (ID, GEBDATUM, GEBORT, GESCHLECHT, NACHNAME, TRITTAUSDATUM, VORNAME) VALUES (13, '1980-10-10', 'Marburg'       ,'WEIBLICH'  ,  'Bauer'     ,  '2022-12-09',  'Sylvia'    );
INSERT INTO MITGLIED (ID, GEBDATUM, GEBORT, GESCHLECHT, NACHNAME, TRITTAUSDATUM, VORNAME) VALUES (14, '1984-11-25', 'Wetzlar'       ,'MAENNLICH' ,  'Richter'   ,  '2022-12-09',  'Dominik'   );
INSERT INTO MITGLIED (ID, GEBDATUM, GEBORT, GESCHLECHT, NACHNAME, TRITTAUSDATUM, VORNAME) VALUES (15, '1985-10-26', 'Braunfels'     ,'MAENNLICH' ,  'Klein'     ,  '2022-12-09',  'Heinrich'  );
INSERT INTO MITGLIED (ID, GEBDATUM, GEBORT, GESCHLECHT, NACHNAME, TRITTAUSDATUM, VORNAME) VALUES (16, '1990-01-20', 'Frankfurt'     ,'MAENNLICH' ,  'Wolf'      ,  '2022-12-09',  'Gabriel'   );
INSERT INTO MITGLIED (ID, GEBDATUM, GEBORT, GESCHLECHT, NACHNAME, TRITTAUSDATUM, VORNAME) VALUES (17, '1986-02-27', 'Marburg'       ,'MAENNLICH' ,  'Schiller'  ,  '2022-12-09',  'Johanna'   );
INSERT INTO MITGLIED (ID, GEBDATUM, GEBORT, GESCHLECHT, NACHNAME, TRITTAUSDATUM, VORNAME) VALUES (18, '1987-01-25', 'Hungen'        ,'MAENNLICH' ,  'Neumann'   ,  '2022-12-09',  'Paul'      );
INSERT INTO MITGLIED (ID, GEBDATUM, GEBORT, GESCHLECHT, NACHNAME, TRITTAUSDATUM, VORNAME) VALUES (19, '1991-04-02', 'Laubach'       ,'MAENNLICH' ,  'Schwarz'   ,  '2022-12-09',  'Till'      );
INSERT INTO MITGLIED (ID, GEBDATUM, GEBORT, GESCHLECHT, NACHNAME, TRITTAUSDATUM, VORNAME) VALUES (20, '1991-09-21', 'Eschborn'      ,'WEIBLICH'  ,  'Zimmermann',  '2022-12-09',  'Tatiana'   );
INSERT INTO MITGLIED (ID, GEBDATUM, GEBORT, GESCHLECHT, NACHNAME, TRITTAUSDATUM, VORNAME) VALUES (21, '1994-03-29', 'Frankfurt'     ,'MAENNLICH' ,  'Braun'     ,  '2022-12-09',  'Frederik'  );
INSERT INTO MITGLIED (ID, GEBDATUM, GEBORT, GESCHLECHT, NACHNAME, TRITTAUSDATUM, VORNAME) VALUES (22, '1995-03-26', 'Dietzenbach'   ,'MAENNLICH' ,  'Kachel'    ,  '2022-12-09',  'Simon'     );
INSERT INTO MITGLIED (ID, GEBDATUM, GEBORT, GESCHLECHT, NACHNAME, TRITTAUSDATUM, VORNAME) VALUES (23, '1996-01-26', 'Krombach'      ,'MAENNLICH' ,  'Hofmann'   ,  '2022-12-09',  'Manuela'   );
INSERT INTO MITGLIED (ID, GEBDATUM, GEBORT, GESCHLECHT, NACHNAME, TRITTAUSDATUM, VORNAME) VALUES (24, '1971-06-28', 'Giessen'       ,'WEIBLICH'  ,  'Hartmann'  ,  '2022-12-09',  'Isabelle'  );
INSERT INTO MITGLIED (ID, GEBDATUM, GEBORT, GESCHLECHT, NACHNAME, TRITTAUSDATUM, VORNAME) VALUES (25, '1971-08-09', 'Nidderau'      ,'WEIBLICH'  ,  'Lange'     ,  '2022-12-09',  'Valerie'   );
INSERT INTO MITGLIED (ID, GEBDATUM, GEBORT, GESCHLECHT, NACHNAME, TRITTAUSDATUM, VORNAME) VALUES (26, '1972-10-25', 'Karben'        ,'WEIBLICH'  ,  'Werner'    ,  '2022-12-09',  'Nadja'     );
INSERT INTO MITGLIED (ID, GEBDATUM, GEBORT, GESCHLECHT, NACHNAME, TRITTAUSDATUM, VORNAME) VALUES (27, '1973-03-31', 'Friedrichsdorf','MAENNLICH' ,  'Schmitz'   ,  '2022-12-09',  'Friedrich' );
INSERT INTO MITGLIED (ID, GEBDATUM, GEBORT, GESCHLECHT, NACHNAME, TRITTAUSDATUM, VORNAME) VALUES (28, '1974-07-26', 'Niedernhausen' ,'WEIBLICH'  ,  'Krause'    ,  '2022-12-09',  'Amanda'    );
INSERT INTO MITGLIED (ID, GEBDATUM, GEBORT, GESCHLECHT, NACHNAME, TRITTAUSDATUM, VORNAME) VALUES (29, '1974-10-20', 'Marburg'       ,'MAENNLICH' ,  'Meier'     ,  '2022-12-09',  'Friedrich' );
INSERT INTO MITGLIED (ID, GEBDATUM, GEBORT, GESCHLECHT, NACHNAME, TRITTAUSDATUM, VORNAME) VALUES (30, '1976-02-03', 'Fulda'         ,'MAENNLICH' ,  'Lehmann'   ,  '2022-12-09',  'Timo'      );
INSERT INTO MITGLIED (ID, GEBDATUM, GEBORT, GESCHLECHT, NACHNAME, TRITTAUSDATUM, VORNAME) VALUES (31, '1976-04-15', 'Hosenfeld'     ,'MAENNLICH' ,  'Schmid'    ,  '2022-12-09',  'Niklas'    );
INSERT INTO MITGLIED (ID, GEBDATUM, GEBORT, GESCHLECHT, NACHNAME, TRITTAUSDATUM, VORNAME) VALUES (32, '1977-01-29', 'Grebenhain'    ,'WEIBLICH'  ,  'Schulze'   ,  '2022-12-09',  'Janine'    );
INSERT INTO MITGLIED (ID, GEBDATUM, GEBORT, GESCHLECHT, NACHNAME, TRITTAUSDATUM, VORNAME) VALUES (33, '1977-05-31', 'Eichenzell'    ,'MAENNLICH' ,  'Maier'     ,  '2022-12-09',  'Siegmund'  );
INSERT INTO MITGLIED (ID, GEBDATUM, GEBORT, GESCHLECHT, NACHNAME, TRITTAUSDATUM, VORNAME) VALUES (34, '1977-10-26', 'Hofbieber'     ,'MAENNLICH' ,  'Kaiser'    ,  '2022-12-09',  'Hannes'    );
INSERT INTO MITGLIED (ID, GEBDATUM, GEBORT, GESCHLECHT, NACHNAME, TRITTAUSDATUM, VORNAME) VALUES (35, '1979-08-08', 'Schwalmtal'    ,'WEIBLICH'  ,  'Herrmann'  ,  '2022-12-09',  'Anne'      );
INSERT INTO MITGLIED (ID, GEBDATUM, GEBORT, GESCHLECHT, NACHNAME, TRITTAUSDATUM, VORNAME) VALUES (36, '1980-10-24', 'Lautertal'     ,'WEIBLICH'  ,  'Kaiser'    ,  '2022-12-09',  'Anna'      );
INSERT INTO MITGLIED (ID, GEBDATUM, GEBORT, GESCHLECHT, NACHNAME, TRITTAUSDATUM, VORNAME) VALUES (37, '1982-09-19', 'Herbstein'     ,'WEIBLICH'  ,  'Walter'    ,  '2022-12-09',  'Liselotte' );
INSERT INTO MITGLIED (ID, GEBDATUM, GEBORT, GESCHLECHT, NACHNAME, TRITTAUSDATUM, VORNAME) VALUES (38, '1983-03-09', 'Birstein'      ,'MAENNLICH' ,  'Mayer'     ,  '2022-12-09',  'Elena'     );
INSERT INTO MITGLIED (ID, GEBDATUM, GEBORT, GESCHLECHT, NACHNAME, TRITTAUSDATUM, VORNAME) VALUES (39, '1984-09-07', 'Marburg'       ,'MAENNLICH' ,  'Huber'     ,  '2022-12-09',  'Suse'      );
INSERT INTO MITGLIED (ID, GEBDATUM, GEBORT, GESCHLECHT, NACHNAME, TRITTAUSDATUM, VORNAME) VALUES (40, '1985-04-18', 'Giessen'       ,'WEIBLICH'  ,  'Kaiser'    ,  '2022-12-09',  'Elke'      );
INSERT INTO MITGLIED (ID, GEBDATUM, GEBORT, GESCHLECHT, NACHNAME, TRITTAUSDATUM, VORNAME) VALUES (41, '1987-03-20', 'Rauschenberg'  ,'MAENNLICH' ,  'Fuchs'     ,  '2022-12-09',  'Konstantin');
INSERT INTO MITGLIED (ID, GEBDATUM, GEBORT, GESCHLECHT, NACHNAME, TRITTAUSDATUM, VORNAME) VALUES (42, '1987-06-20', 'Krichhain'     ,'MAENNLICH' ,  'Scholz'    ,  '2022-12-09',  'Thomas'    );
INSERT INTO MITGLIED (ID, GEBDATUM, GEBORT, GESCHLECHT, NACHNAME, TRITTAUSDATUM, VORNAME) VALUES (43, '1989-02-02', 'Stadtallendorf','MAENNLICH' ,  'Maurer'    ,  '2022-12-09',  'Silas'     );
INSERT INTO MITGLIED (ID, GEBDATUM, GEBORT, GESCHLECHT, NACHNAME, TRITTAUSDATUM, VORNAME) VALUES (44, '1990-02-08', 'Biedenkopf'    ,'MAENNLICH' ,  'Schubert'  ,  '2022-12-09',  'Herbert'   );
INSERT INTO MITGLIED (ID, GEBDATUM, GEBORT, GESCHLECHT, NACHNAME, TRITTAUSDATUM, VORNAME) VALUES (45, '1990-07-20', 'Westerwald'    ,'WEIBLICH'  ,  'Roth'      ,  '2022-12-09',  'Mareike'   );
INSERT INTO MITGLIED (ID, GEBDATUM, GEBORT, GESCHLECHT, NACHNAME, TRITTAUSDATUM, VORNAME) VALUES (46, '1988-09-27', 'Marburg'       ,'MAENNLICH' ,  'Bauer'     ,  '2022-12-09',  'Thorsten'  );
INSERT INTO MITGLIED (ID, GEBDATUM, GEBORT, GESCHLECHT, NACHNAME, TRITTAUSDATUM, VORNAME) VALUES (47, '1982-01-12', 'Giessen'       ,'WEIBLICH'  ,  'Deutsch'   ,  '2022-12-09',  'Marie'     );
INSERT INTO MITGLIED (ID, GEBDATUM, GEBORT, GESCHLECHT, NACHNAME, TRITTAUSDATUM, VORNAME) VALUES (48, '1991-05-01', 'Frankfurt'     ,'MAENNLICH' ,  'Zimmermann',  '2022-12-09',  'Daniel'    );

-- Create some Trainer entries
INSERT INTO TRAINER (ID, GEBDATUM,    GEBORT,   GESCHLECHT,   NACHNAME, TRITTAUSDATUM, VORNAME, LOGIN_ID) VALUES (1 , '1996-12-19', 'Marburg'    ,    'MAENNLICH' , 'rootNachname', '2022-12-09',  'rootVorname', 1 );
INSERT INTO TRAINER (ID, GEBDATUM,    GEBORT,   GESCHLECHT,   NACHNAME, TRITTAUSDATUM, VORNAME, LOGIN_ID) VALUES (2 , '1990-09-02', 'Giessen'    ,    'MAENNLICH' , 'Mueller'     , '2019-12-09',  'Hans'       , 2 );
INSERT INTO TRAINER (ID, GEBDATUM,    GEBORT,   GESCHLECHT,   NACHNAME, TRITTAUSDATUM, VORNAME, LOGIN_ID) VALUES (3 , '1974-04-13', 'Friedberg'  ,    'MAENNLICH' , 'Peterson'    , '2020-12-09',  'Dirk'       , 3 );
INSERT INTO TRAINER (ID, GEBDATUM,    GEBORT,   GESCHLECHT,   NACHNAME, TRITTAUSDATUM, VORNAME, LOGIN_ID) VALUES (4 , '1982-11-21', 'Michelbach' ,    'WEIBLICH'  , 'Gibson'      , '2021-12-09',  'Brunhilde'  , 4 );
INSERT INTO TRAINER (ID, GEBDATUM,    GEBORT,   GESCHLECHT,   NACHNAME, TRITTAUSDATUM, VORNAME, LOGIN_ID) VALUES (5 , '1980-01-27', 'Wehrshausen',    'MAENNLICH' , 'Bolz'        , '2020-12-09',  'Siegfried'  , 5 );
INSERT INTO TRAINER (ID, GEBDATUM,    GEBORT,   GESCHLECHT,   NACHNAME, TRITTAUSDATUM, VORNAME, LOGIN_ID) VALUES (6 , '1990-12-16', 'Giessen'    ,    'WEIBLICH'  , 'Hausen'      , '2019-12-09',  'Traudel'    , 6 );
INSERT INTO TRAINER (ID, GEBDATUM,    GEBORT,   GESCHLECHT,   NACHNAME, TRITTAUSDATUM, VORNAME, LOGIN_ID) VALUES (7 , '1963-08-09', 'Frankfurt'  ,    'WEIBLICH'  , 'Becker'      , '2021-12-09',  'Mathilda'   , 7 );
INSERT INTO TRAINER (ID, GEBDATUM,    GEBORT,   GESCHLECHT,   NACHNAME, TRITTAUSDATUM, VORNAME, LOGIN_ID) VALUES (8 , '1986-07-18', 'Sterzhausen',    'WEIBLICH'  , 'Mueller'     , '2020-12-09',  'Jonas'      , 8 );
INSERT INTO TRAINER (ID, GEBDATUM,    GEBORT,   GESCHLECHT,   NACHNAME, TRITTAUSDATUM, VORNAME, LOGIN_ID) VALUES (9 , '1987-10-03', 'Marburg'    ,    'WEIBLICH'  , 'Becker'      , '2022-12-09',  'Frida'      , 9 );
INSERT INTO TRAINER (ID, GEBDATUM,    GEBORT,   GESCHLECHT,   NACHNAME, TRITTAUSDATUM, VORNAME, LOGIN_ID) VALUES (10, '1984-10-09', 'Frankfurt'  ,    'MAENNLICH' , 'Neuhaus'     , '2023-12-09',  'Horst'      , 10);
INSERT INTO TRAINER (ID, GEBDATUM,    GEBORT,   GESCHLECHT,   NACHNAME, TRITTAUSDATUM, VORNAME, LOGIN_ID) VALUES (11, '1979-04-18', 'Giessen'    ,    'MAENNLICH' , 'Vandersweg'  , '2019-12-09',  'Dietrich'   , 11);


-- Create some Termin entries
--Karate
INSERT INTO TERMIN (ID, DATUM) VALUES (1  , '2017-03-07');
INSERT INTO TERMIN (ID, DATUM) VALUES (2  , '2017-03-25');
INSERT INTO TERMIN (ID, DATUM) VALUES (3  , '2017-03-27');
INSERT INTO TERMIN (ID, DATUM) VALUES (4  , '2017-04-14');
INSERT INTO TERMIN (ID, DATUM) VALUES (5  , '2017-06-04');
INSERT INTO TERMIN (ID, DATUM) VALUES (6  , '2017-07-02');
INSERT INTO TERMIN (ID, DATUM) VALUES (7  , '2018-02-01');
INSERT INTO TERMIN (ID, DATUM) VALUES (8  , '2018-03-04');
INSERT INTO TERMIN (ID, DATUM) VALUES (9  , '2018-03-23');
INSERT INTO TERMIN (ID, DATUM) VALUES (10 , '2018-04-28');
--Fußball
INSERT INTO TERMIN (ID, DATUM) VALUES (11 , '2017-02-10');
INSERT INTO TERMIN (ID, DATUM) VALUES (12 , '2017-05-15');
INSERT INTO TERMIN (ID, DATUM) VALUES (13 , '2017-06-05');
INSERT INTO TERMIN (ID, DATUM) VALUES (14 , '2017-10-03');
INSERT INTO TERMIN (ID, DATUM) VALUES (15 , '2017-10-18');
INSERT INTO TERMIN (ID, DATUM) VALUES (16 , '2017-10-20');
INSERT INTO TERMIN (ID, DATUM) VALUES (17 , '2018-07-18');
INSERT INTO TERMIN (ID, DATUM) VALUES (18 , '2018-08-07');
INSERT INTO TERMIN (ID, DATUM) VALUES (19 , '2018-08-12');
INSERT INTO TERMIN (ID, DATUM) VALUES (20 , '2018-11-11');
--Handball
INSERT INTO TERMIN (ID, DATUM) VALUES (21 , '2017-07-19');
INSERT INTO TERMIN (ID, DATUM) VALUES (22 , '2017-08-19');
INSERT INTO TERMIN (ID, DATUM) VALUES (23 , '2017-11-27');
INSERT INTO TERMIN (ID, DATUM) VALUES (24 , '2017-12-06');
INSERT INTO TERMIN (ID, DATUM) VALUES (25 , '2018-03-07');
INSERT INTO TERMIN (ID, DATUM) VALUES (26 , '2018-03-08');
INSERT INTO TERMIN (ID, DATUM) VALUES (27 , '2018-04-22');
INSERT INTO TERMIN (ID, DATUM) VALUES (28 , '2018-05-06');
INSERT INTO TERMIN (ID, DATUM) VALUES (29 , '2018-08-22');
INSERT INTO TERMIN (ID, DATUM) VALUES (30 , '2018-11-18');
--Tennis
INSERT INTO TERMIN (ID, DATUM) VALUES (31 , '2017-03-17');
INSERT INTO TERMIN (ID, DATUM) VALUES (32 , '2017-08-08');
INSERT INTO TERMIN (ID, DATUM) VALUES (33 , '2017-09-03');
INSERT INTO TERMIN (ID, DATUM) VALUES (34 , '2018-01-04');
INSERT INTO TERMIN (ID, DATUM) VALUES (35 , '2018-01-22');
INSERT INTO TERMIN (ID, DATUM) VALUES (36 , '2018-02-02');
INSERT INTO TERMIN (ID, DATUM) VALUES (37 , '2018-07-04');
INSERT INTO TERMIN (ID, DATUM) VALUES (38 , '2018-10-24');
INSERT INTO TERMIN (ID, DATUM) VALUES (39 , '2018-12-18');
INSERT INTO TERMIN (ID, DATUM) VALUES (40 , '2018-12-20');
--Tischtennis
INSERT INTO TERMIN (ID, DATUM) VALUES (41 , '2017-04-22');
INSERT INTO TERMIN (ID, DATUM) VALUES (42 , '2017-06-09');
INSERT INTO TERMIN (ID, DATUM) VALUES (43 , '2017-08-13');
INSERT INTO TERMIN (ID, DATUM) VALUES (44 , '2017-12-19');
INSERT INTO TERMIN (ID, DATUM) VALUES (45 , '2018-03-11');
INSERT INTO TERMIN (ID, DATUM) VALUES (46 , '2018-05-09');
INSERT INTO TERMIN (ID, DATUM) VALUES (47 , '2018-06-14');
INSERT INTO TERMIN (ID, DATUM) VALUES (48 , '2018-07-02');
INSERT INTO TERMIN (ID, DATUM) VALUES (49 , '2018-10-08');
INSERT INTO TERMIN (ID, DATUM) VALUES (50 , '2018-12-09');
--Basketball
INSERT INTO TERMIN (ID, DATUM) VALUES (51 , '2017-02-02');
INSERT INTO TERMIN (ID, DATUM) VALUES (52 , '2017-05-25');
INSERT INTO TERMIN (ID, DATUM) VALUES (53 , '2017-07-24');
INSERT INTO TERMIN (ID, DATUM) VALUES (54 , '2017-10-20');
INSERT INTO TERMIN (ID, DATUM) VALUES (55 , '2018-01-27');
INSERT INTO TERMIN (ID, DATUM) VALUES (56 , '2018-02-04');
INSERT INTO TERMIN (ID, DATUM) VALUES (57 , '2018-05-25');
INSERT INTO TERMIN (ID, DATUM) VALUES (58 , '2018-06-05');
INSERT INTO TERMIN (ID, DATUM) VALUES (59 , '2018-08-19');
INSERT INTO TERMIN (ID, DATUM) VALUES (60 , '2018-11-14');
--Bogenschießen
INSERT INTO TERMIN (ID, DATUM) VALUES (61 , '2017-05-08');
INSERT INTO TERMIN (ID, DATUM) VALUES (62 , '2017-08-05');
INSERT INTO TERMIN (ID, DATUM) VALUES (63 , '2017-08-08');
INSERT INTO TERMIN (ID, DATUM) VALUES (64 , '2018-02-11');
INSERT INTO TERMIN (ID, DATUM) VALUES (65 , '2018-04-16');
INSERT INTO TERMIN (ID, DATUM) VALUES (66 , '2018-09-16');
INSERT INTO TERMIN (ID, DATUM) VALUES (67 , '2018-10-10');
INSERT INTO TERMIN (ID, DATUM) VALUES (68 , '2018-10-12');
INSERT INTO TERMIN (ID, DATUM) VALUES (69 , '2018-11-28');
INSERT INTO TERMIN (ID, DATUM) VALUES (70 , '2018-12-27');
--Bowling
INSERT INTO TERMIN (ID, DATUM) VALUES (71 , '2017-01-08');
INSERT INTO TERMIN (ID, DATUM) VALUES (72 , '2017-01-12');
INSERT INTO TERMIN (ID, DATUM) VALUES (73 , '2017-03-25');
INSERT INTO TERMIN (ID, DATUM) VALUES (74 , '2017-06-13');
INSERT INTO TERMIN (ID, DATUM) VALUES (75 , '2017-06-28');
INSERT INTO TERMIN (ID, DATUM) VALUES (76 , '2017-08-19');
INSERT INTO TERMIN (ID, DATUM) VALUES (77 , '2018-05-20');
INSERT INTO TERMIN (ID, DATUM) VALUES (78 , '2018-08-04');
INSERT INTO TERMIN (ID, DATUM) VALUES (79 , '2018-08-25');
INSERT INTO TERMIN (ID, DATUM) VALUES (80 , '2018-12-07');
--Eishockey
INSERT INTO TERMIN (ID, DATUM) VALUES (81 , '2017-02-02');
INSERT INTO TERMIN (ID, DATUM) VALUES (82 , '2017-04-28');
INSERT INTO TERMIN (ID, DATUM) VALUES (83 , '2017-05-14');
INSERT INTO TERMIN (ID, DATUM) VALUES (84 , '2018-02-26');
INSERT INTO TERMIN (ID, DATUM) VALUES (85 , '2018-04-02');
INSERT INTO TERMIN (ID, DATUM) VALUES (86 , '2018-07-01');
INSERT INTO TERMIN (ID, DATUM) VALUES (87 , '2018-07-16');
INSERT INTO TERMIN (ID, DATUM) VALUES (88 , '2018-07-23');
INSERT INTO TERMIN (ID, DATUM) VALUES (89 , '2018-07-27');
INSERT INTO TERMIN (ID, DATUM) VALUES (90 , '2018-08-15');
--Federball
INSERT INTO TERMIN (ID, DATUM) VALUES (91 , '2017-03-17');
INSERT INTO TERMIN (ID, DATUM) VALUES (92 , '2017-04-01');
INSERT INTO TERMIN (ID, DATUM) VALUES (93 , '2018-01-13');
INSERT INTO TERMIN (ID, DATUM) VALUES (94 , '2018-02-02');
INSERT INTO TERMIN (ID, DATUM) VALUES (95 , '2018-03-02');
INSERT INTO TERMIN (ID, DATUM) VALUES (96 , '2018-06-08');
INSERT INTO TERMIN (ID, DATUM) VALUES (97 , '2018-06-17');
INSERT INTO TERMIN (ID, DATUM) VALUES (98 , '2018-06-24');
INSERT INTO TERMIN (ID, DATUM) VALUES (99 , '2018-07-09');
INSERT INTO TERMIN (ID, DATUM) VALUES (100, '2018-12-27');
--Golf
INSERT INTO TERMIN (ID, DATUM) VALUES (101, '2017-01-24');
INSERT INTO TERMIN (ID, DATUM) VALUES (102, '2017-05-12');
INSERT INTO TERMIN (ID, DATUM) VALUES (103, '2017-11-26');
INSERT INTO TERMIN (ID, DATUM) VALUES (104, '2018-01-18');
INSERT INTO TERMIN (ID, DATUM) VALUES (105, '2018-03-25');
INSERT INTO TERMIN (ID, DATUM) VALUES (106, '2018-04-12');
INSERT INTO TERMIN (ID, DATUM) VALUES (107, '2018-06-12');
INSERT INTO TERMIN (ID, DATUM) VALUES (108, '2018-06-19');
INSERT INTO TERMIN (ID, DATUM) VALUES (109, '2018-11-18');
INSERT INTO TERMIN (ID, DATUM) VALUES (110, '2018-12-07');
--Yoga
INSERT INTO TERMIN (ID, DATUM) VALUES (111, '2017-02-21');
INSERT INTO TERMIN (ID, DATUM) VALUES (112, '2017-04-12');
INSERT INTO TERMIN (ID, DATUM) VALUES (113, '2017-09-14');
INSERT INTO TERMIN (ID, DATUM) VALUES (114, '2017-10-08');
INSERT INTO TERMIN (ID, DATUM) VALUES (115, '2017-11-10');
INSERT INTO TERMIN (ID, DATUM) VALUES (116, '2018-03-19');
INSERT INTO TERMIN (ID, DATUM) VALUES (117, '2018-05-06');
INSERT INTO TERMIN (ID, DATUM) VALUES (118, '2018-06-01');
INSERT INTO TERMIN (ID, DATUM) VALUES (119, '2018-10-28');
INSERT INTO TERMIN (ID, DATUM) VALUES (120, '2018-12-08');

-- Create some Trainer_Kurs entries
INSERT INTO TRAINER_KURS (TRAINER_ID, KURSE_ID) VALUES (2 ,1 );
INSERT INTO TRAINER_KURS (TRAINER_ID, KURSE_ID) VALUES (2 ,2 );
INSERT INTO TRAINER_KURS (TRAINER_ID, KURSE_ID) VALUES (2 ,3 );
INSERT INTO TRAINER_KURS (TRAINER_ID, KURSE_ID) VALUES (3 ,4 );
INSERT INTO TRAINER_KURS (TRAINER_ID, KURSE_ID) VALUES (4 ,5 );
INSERT INTO TRAINER_KURS (TRAINER_ID, KURSE_ID) VALUES (5 ,6 );
INSERT INTO TRAINER_KURS (TRAINER_ID, KURSE_ID) VALUES (6 ,7 );
INSERT INTO TRAINER_KURS (TRAINER_ID, KURSE_ID) VALUES (7 ,8 );
INSERT INTO TRAINER_KURS (TRAINER_ID, KURSE_ID) VALUES (8 ,9 );
INSERT INTO TRAINER_KURS (TRAINER_ID, KURSE_ID) VALUES (9 ,10);
INSERT INTO TRAINER_KURS (TRAINER_ID, KURSE_ID) VALUES (10,11);
INSERT INTO TRAINER_KURS (TRAINER_ID, KURSE_ID) VALUES (11,12);

-- Create some Kurs_Mitglied entries
--Karate
INSERT INTO KURS_MITGLIED (KURSE_ID, MITGLIEDERANGEMELDET_ID) VALUES (1 ,3 );
INSERT INTO KURS_MITGLIED (KURSE_ID, MITGLIEDERANGEMELDET_ID) VALUES (1 ,7 );
INSERT INTO KURS_MITGLIED (KURSE_ID, MITGLIEDERANGEMELDET_ID) VALUES (1 ,11);
INSERT INTO KURS_MITGLIED (KURSE_ID, MITGLIEDERANGEMELDET_ID) VALUES (1 ,12);
--Fußball
INSERT INTO KURS_MITGLIED (KURSE_ID, MITGLIEDERANGEMELDET_ID) VALUES (2 ,1 );
INSERT INTO KURS_MITGLIED (KURSE_ID, MITGLIEDERANGEMELDET_ID) VALUES (2 ,8 );
INSERT INTO KURS_MITGLIED (KURSE_ID, MITGLIEDERANGEMELDET_ID) VALUES (2 ,5 );
INSERT INTO KURS_MITGLIED (KURSE_ID, MITGLIEDERANGEMELDET_ID) VALUES (2 ,7 );
--Handball
INSERT INTO KURS_MITGLIED (KURSE_ID, MITGLIEDERANGEMELDET_ID) VALUES (3 ,8 );
INSERT INTO KURS_MITGLIED (KURSE_ID, MITGLIEDERANGEMELDET_ID) VALUES (3 ,10);
INSERT INTO KURS_MITGLIED (KURSE_ID, MITGLIEDERANGEMELDET_ID) VALUES (3 ,11);
INSERT INTO KURS_MITGLIED (KURSE_ID, MITGLIEDERANGEMELDET_ID) VALUES (3 ,4 );
--Tennis
INSERT INTO KURS_MITGLIED (KURSE_ID, MITGLIEDERANGEMELDET_ID) VALUES (4 ,5 );
INSERT INTO KURS_MITGLIED (KURSE_ID, MITGLIEDERANGEMELDET_ID) VALUES (4 ,2 );
INSERT INTO KURS_MITGLIED (KURSE_ID, MITGLIEDERANGEMELDET_ID) VALUES (4 ,7 );
INSERT INTO KURS_MITGLIED (KURSE_ID, MITGLIEDERANGEMELDET_ID) VALUES (4 ,9 );
--Tischtennis
INSERT INTO KURS_MITGLIED (KURSE_ID, MITGLIEDERANGEMELDET_ID) VALUES (5 ,3 );
INSERT INTO KURS_MITGLIED (KURSE_ID, MITGLIEDERANGEMELDET_ID) VALUES (5 ,4 );
INSERT INTO KURS_MITGLIED (KURSE_ID, MITGLIEDERANGEMELDET_ID) VALUES (5 ,2 );
INSERT INTO KURS_MITGLIED (KURSE_ID, MITGLIEDERANGEMELDET_ID) VALUES (5 ,5 );
--Basketball
INSERT INTO KURS_MITGLIED (KURSE_ID, MITGLIEDERANGEMELDET_ID) VALUES (6 ,1 );
INSERT INTO KURS_MITGLIED (KURSE_ID, MITGLIEDERANGEMELDET_ID) VALUES (6 ,6 );
INSERT INTO KURS_MITGLIED (KURSE_ID, MITGLIEDERANGEMELDET_ID) VALUES (6 ,8 );
INSERT INTO KURS_MITGLIED (KURSE_ID, MITGLIEDERANGEMELDET_ID) VALUES (6 ,9 );
--Bogenschießen
INSERT INTO KURS_MITGLIED (KURSE_ID, MITGLIEDERANGEMELDET_ID) VALUES (7 ,2 );
INSERT INTO KURS_MITGLIED (KURSE_ID, MITGLIEDERANGEMELDET_ID) VALUES (7 ,3 );
INSERT INTO KURS_MITGLIED (KURSE_ID, MITGLIEDERANGEMELDET_ID) VALUES (7 ,8 );
INSERT INTO KURS_MITGLIED (KURSE_ID, MITGLIEDERANGEMELDET_ID) VALUES (7 ,1 );
--Bowling
INSERT INTO KURS_MITGLIED (KURSE_ID, MITGLIEDERANGEMELDET_ID) VALUES (8 ,2 );
INSERT INTO KURS_MITGLIED (KURSE_ID, MITGLIEDERANGEMELDET_ID) VALUES (8 ,3 );
INSERT INTO KURS_MITGLIED (KURSE_ID, MITGLIEDERANGEMELDET_ID) VALUES (8 ,4 );
INSERT INTO KURS_MITGLIED (KURSE_ID, MITGLIEDERANGEMELDET_ID) VALUES (8 ,11);
--Eishockey
INSERT INTO KURS_MITGLIED (KURSE_ID, MITGLIEDERANGEMELDET_ID) VALUES (9 ,7 );
INSERT INTO KURS_MITGLIED (KURSE_ID, MITGLIEDERANGEMELDET_ID) VALUES (9 ,9 );
INSERT INTO KURS_MITGLIED (KURSE_ID, MITGLIEDERANGEMELDET_ID) VALUES (9 ,10);
INSERT INTO KURS_MITGLIED (KURSE_ID, MITGLIEDERANGEMELDET_ID) VALUES (9 ,12);
--Federball
INSERT INTO KURS_MITGLIED (KURSE_ID, MITGLIEDERANGEMELDET_ID) VALUES (10,1 );
INSERT INTO KURS_MITGLIED (KURSE_ID, MITGLIEDERANGEMELDET_ID) VALUES (10,4 );
INSERT INTO KURS_MITGLIED (KURSE_ID, MITGLIEDERANGEMELDET_ID) VALUES (10,5 );
INSERT INTO KURS_MITGLIED (KURSE_ID, MITGLIEDERANGEMELDET_ID) VALUES (10,6 );
--Golf
INSERT INTO KURS_MITGLIED (KURSE_ID, MITGLIEDERANGEMELDET_ID) VALUES (11,6 );
INSERT INTO KURS_MITGLIED (KURSE_ID, MITGLIEDERANGEMELDET_ID) VALUES (11,11);
INSERT INTO KURS_MITGLIED (KURSE_ID, MITGLIEDERANGEMELDET_ID) VALUES (11,10);
INSERT INTO KURS_MITGLIED (KURSE_ID, MITGLIEDERANGEMELDET_ID) VALUES (11,12);
--Yoga
INSERT INTO KURS_MITGLIED (KURSE_ID, MITGLIEDERANGEMELDET_ID) VALUES (12,6 );
INSERT INTO KURS_MITGLIED (KURSE_ID, MITGLIEDERANGEMELDET_ID) VALUES (12,9 );
INSERT INTO KURS_MITGLIED (KURSE_ID, MITGLIEDERANGEMELDET_ID) VALUES (12,10);
INSERT INTO KURS_MITGLIED (KURSE_ID, MITGLIEDERANGEMELDET_ID) VALUES (12,12);

-- Create some Kurs_Termin entries
--Karate
INSERT INTO KURS_TERMIN (KURS_ID, TERMINE_ID) VALUES (1 ,1  );
INSERT INTO KURS_TERMIN (KURS_ID, TERMINE_ID) VALUES (1 ,2  );
INSERT INTO KURS_TERMIN (KURS_ID, TERMINE_ID) VALUES (1 ,3  );
INSERT INTO KURS_TERMIN (KURS_ID, TERMINE_ID) VALUES (1 ,4  );
INSERT INTO KURS_TERMIN (KURS_ID, TERMINE_ID) VALUES (1 ,5  );
INSERT INTO KURS_TERMIN (KURS_ID, TERMINE_ID) VALUES (1 ,6  );
INSERT INTO KURS_TERMIN (KURS_ID, TERMINE_ID) VALUES (1 ,7  );
INSERT INTO KURS_TERMIN (KURS_ID, TERMINE_ID) VALUES (1 ,8  );
INSERT INTO KURS_TERMIN (KURS_ID, TERMINE_ID) VALUES (1 ,9  );
INSERT INTO KURS_TERMIN (KURS_ID, TERMINE_ID) VALUES (1 ,10 );
--Fußball
INSERT INTO KURS_TERMIN (KURS_ID, TERMINE_ID) VALUES (2 ,11 );
INSERT INTO KURS_TERMIN (KURS_ID, TERMINE_ID) VALUES (2 ,12 );
INSERT INTO KURS_TERMIN (KURS_ID, TERMINE_ID) VALUES (2 ,13 );
INSERT INTO KURS_TERMIN (KURS_ID, TERMINE_ID) VALUES (2 ,14 );
INSERT INTO KURS_TERMIN (KURS_ID, TERMINE_ID) VALUES (2 ,15 );
INSERT INTO KURS_TERMIN (KURS_ID, TERMINE_ID) VALUES (2 ,16 );
INSERT INTO KURS_TERMIN (KURS_ID, TERMINE_ID) VALUES (2 ,17 );
INSERT INTO KURS_TERMIN (KURS_ID, TERMINE_ID) VALUES (2 ,18 );
INSERT INTO KURS_TERMIN (KURS_ID, TERMINE_ID) VALUES (2 ,19 );
INSERT INTO KURS_TERMIN (KURS_ID, TERMINE_ID) VALUES (2 ,20 );
--Handball
INSERT INTO KURS_TERMIN (KURS_ID, TERMINE_ID) VALUES (3 ,21 );
INSERT INTO KURS_TERMIN (KURS_ID, TERMINE_ID) VALUES (3 ,22 );
INSERT INTO KURS_TERMIN (KURS_ID, TERMINE_ID) VALUES (3 ,23 );
INSERT INTO KURS_TERMIN (KURS_ID, TERMINE_ID) VALUES (3 ,24 );
INSERT INTO KURS_TERMIN (KURS_ID, TERMINE_ID) VALUES (3 ,25 );
INSERT INTO KURS_TERMIN (KURS_ID, TERMINE_ID) VALUES (3 ,26 );
INSERT INTO KURS_TERMIN (KURS_ID, TERMINE_ID) VALUES (3 ,27 );
INSERT INTO KURS_TERMIN (KURS_ID, TERMINE_ID) VALUES (3 ,28 );
INSERT INTO KURS_TERMIN (KURS_ID, TERMINE_ID) VALUES (3 ,29 );
INSERT INTO KURS_TERMIN (KURS_ID, TERMINE_ID) VALUES (3 ,30 );
--Tennis
INSERT INTO KURS_TERMIN (KURS_ID, TERMINE_ID) VALUES (4 ,31 );
INSERT INTO KURS_TERMIN (KURS_ID, TERMINE_ID) VALUES (4 ,32 );
INSERT INTO KURS_TERMIN (KURS_ID, TERMINE_ID) VALUES (4 ,33 );
INSERT INTO KURS_TERMIN (KURS_ID, TERMINE_ID) VALUES (4 ,34 );
INSERT INTO KURS_TERMIN (KURS_ID, TERMINE_ID) VALUES (4 ,35 );
INSERT INTO KURS_TERMIN (KURS_ID, TERMINE_ID) VALUES (4 ,36 );
INSERT INTO KURS_TERMIN (KURS_ID, TERMINE_ID) VALUES (4 ,37 );
INSERT INTO KURS_TERMIN (KURS_ID, TERMINE_ID) VALUES (4 ,38 );
INSERT INTO KURS_TERMIN (KURS_ID, TERMINE_ID) VALUES (4 ,39 );
INSERT INTO KURS_TERMIN (KURS_ID, TERMINE_ID) VALUES (4 ,40 );
--Tischtennis
INSERT INTO KURS_TERMIN (KURS_ID, TERMINE_ID) VALUES (5 ,41 );
INSERT INTO KURS_TERMIN (KURS_ID, TERMINE_ID) VALUES (5 ,42 );
INSERT INTO KURS_TERMIN (KURS_ID, TERMINE_ID) VALUES (5 ,43 );
INSERT INTO KURS_TERMIN (KURS_ID, TERMINE_ID) VALUES (5 ,44 );
INSERT INTO KURS_TERMIN (KURS_ID, TERMINE_ID) VALUES (5 ,45 );
INSERT INTO KURS_TERMIN (KURS_ID, TERMINE_ID) VALUES (5 ,46 );
INSERT INTO KURS_TERMIN (KURS_ID, TERMINE_ID) VALUES (5 ,47 );
INSERT INTO KURS_TERMIN (KURS_ID, TERMINE_ID) VALUES (5 ,48 );
INSERT INTO KURS_TERMIN (KURS_ID, TERMINE_ID) VALUES (5 ,49 );
INSERT INTO KURS_TERMIN (KURS_ID, TERMINE_ID) VALUES (5 ,50 );
--Basketball
INSERT INTO KURS_TERMIN (KURS_ID, TERMINE_ID) VALUES (6 ,51 );
INSERT INTO KURS_TERMIN (KURS_ID, TERMINE_ID) VALUES (6 ,52 );
INSERT INTO KURS_TERMIN (KURS_ID, TERMINE_ID) VALUES (6 ,53 );
INSERT INTO KURS_TERMIN (KURS_ID, TERMINE_ID) VALUES (6 ,54 );
INSERT INTO KURS_TERMIN (KURS_ID, TERMINE_ID) VALUES (6 ,55 );
INSERT INTO KURS_TERMIN (KURS_ID, TERMINE_ID) VALUES (6 ,56 );
INSERT INTO KURS_TERMIN (KURS_ID, TERMINE_ID) VALUES (6 ,57 );
INSERT INTO KURS_TERMIN (KURS_ID, TERMINE_ID) VALUES (6 ,58 );
INSERT INTO KURS_TERMIN (KURS_ID, TERMINE_ID) VALUES (6 ,59 );
INSERT INTO KURS_TERMIN (KURS_ID, TERMINE_ID) VALUES (6 ,60 );
--Bogenschießen
INSERT INTO KURS_TERMIN (KURS_ID, TERMINE_ID) VALUES (7 ,61 );
INSERT INTO KURS_TERMIN (KURS_ID, TERMINE_ID) VALUES (7 ,62 );
INSERT INTO KURS_TERMIN (KURS_ID, TERMINE_ID) VALUES (7 ,63 );
INSERT INTO KURS_TERMIN (KURS_ID, TERMINE_ID) VALUES (7 ,64 );
INSERT INTO KURS_TERMIN (KURS_ID, TERMINE_ID) VALUES (7 ,65 );
INSERT INTO KURS_TERMIN (KURS_ID, TERMINE_ID) VALUES (7 ,66 );
INSERT INTO KURS_TERMIN (KURS_ID, TERMINE_ID) VALUES (7 ,67 );
INSERT INTO KURS_TERMIN (KURS_ID, TERMINE_ID) VALUES (7 ,68 );
INSERT INTO KURS_TERMIN (KURS_ID, TERMINE_ID) VALUES (7 ,69 );
INSERT INTO KURS_TERMIN (KURS_ID, TERMINE_ID) VALUES (7 ,70 );
--Bowling
INSERT INTO KURS_TERMIN (KURS_ID, TERMINE_ID) VALUES (8 ,71 );
INSERT INTO KURS_TERMIN (KURS_ID, TERMINE_ID) VALUES (8 ,72 );
INSERT INTO KURS_TERMIN (KURS_ID, TERMINE_ID) VALUES (8 ,73 );
INSERT INTO KURS_TERMIN (KURS_ID, TERMINE_ID) VALUES (8 ,74 );
INSERT INTO KURS_TERMIN (KURS_ID, TERMINE_ID) VALUES (8 ,75 );
INSERT INTO KURS_TERMIN (KURS_ID, TERMINE_ID) VALUES (8 ,76 );
INSERT INTO KURS_TERMIN (KURS_ID, TERMINE_ID) VALUES (8 ,77 );
INSERT INTO KURS_TERMIN (KURS_ID, TERMINE_ID) VALUES (8 ,78 );
INSERT INTO KURS_TERMIN (KURS_ID, TERMINE_ID) VALUES (8 ,79 );
INSERT INTO KURS_TERMIN (KURS_ID, TERMINE_ID) VALUES (8 ,80 );
--Eishockey
INSERT INTO KURS_TERMIN (KURS_ID, TERMINE_ID) VALUES (9 ,81 );
INSERT INTO KURS_TERMIN (KURS_ID, TERMINE_ID) VALUES (9 ,82 );
INSERT INTO KURS_TERMIN (KURS_ID, TERMINE_ID) VALUES (9 ,83 );
INSERT INTO KURS_TERMIN (KURS_ID, TERMINE_ID) VALUES (9 ,84 );
INSERT INTO KURS_TERMIN (KURS_ID, TERMINE_ID) VALUES (9 ,85 );
INSERT INTO KURS_TERMIN (KURS_ID, TERMINE_ID) VALUES (9 ,86 );
INSERT INTO KURS_TERMIN (KURS_ID, TERMINE_ID) VALUES (9 ,87 );
INSERT INTO KURS_TERMIN (KURS_ID, TERMINE_ID) VALUES (9 ,88 );
INSERT INTO KURS_TERMIN (KURS_ID, TERMINE_ID) VALUES (9 ,89 );
INSERT INTO KURS_TERMIN (KURS_ID, TERMINE_ID) VALUES (9 ,90 );
--Federball
INSERT INTO KURS_TERMIN (KURS_ID, TERMINE_ID) VALUES (10,91 );
INSERT INTO KURS_TERMIN (KURS_ID, TERMINE_ID) VALUES (10,92 );
INSERT INTO KURS_TERMIN (KURS_ID, TERMINE_ID) VALUES (10,93 );
INSERT INTO KURS_TERMIN (KURS_ID, TERMINE_ID) VALUES (10,94 );
INSERT INTO KURS_TERMIN (KURS_ID, TERMINE_ID) VALUES (10,95 );
INSERT INTO KURS_TERMIN (KURS_ID, TERMINE_ID) VALUES (10,96 );
INSERT INTO KURS_TERMIN (KURS_ID, TERMINE_ID) VALUES (10,97 );
INSERT INTO KURS_TERMIN (KURS_ID, TERMINE_ID) VALUES (10,98 );
INSERT INTO KURS_TERMIN (KURS_ID, TERMINE_ID) VALUES (10,99 );
INSERT INTO KURS_TERMIN (KURS_ID, TERMINE_ID) VALUES (10,100);
--Golf
INSERT INTO KURS_TERMIN (KURS_ID, TERMINE_ID) VALUES (11,101);
INSERT INTO KURS_TERMIN (KURS_ID, TERMINE_ID) VALUES (11,102);
INSERT INTO KURS_TERMIN (KURS_ID, TERMINE_ID) VALUES (11,103);
INSERT INTO KURS_TERMIN (KURS_ID, TERMINE_ID) VALUES (11,104);
INSERT INTO KURS_TERMIN (KURS_ID, TERMINE_ID) VALUES (11,105);
INSERT INTO KURS_TERMIN (KURS_ID, TERMINE_ID) VALUES (11,106);
INSERT INTO KURS_TERMIN (KURS_ID, TERMINE_ID) VALUES (11,107);
INSERT INTO KURS_TERMIN (KURS_ID, TERMINE_ID) VALUES (11,108);
INSERT INTO KURS_TERMIN (KURS_ID, TERMINE_ID) VALUES (11,109);
INSERT INTO KURS_TERMIN (KURS_ID, TERMINE_ID) VALUES (11,110);
--Yoga
INSERT INTO KURS_TERMIN (KURS_ID, TERMINE_ID) VALUES (12,111);
INSERT INTO KURS_TERMIN (KURS_ID, TERMINE_ID) VALUES (12,112);
INSERT INTO KURS_TERMIN (KURS_ID, TERMINE_ID) VALUES (12,113);
INSERT INTO KURS_TERMIN (KURS_ID, TERMINE_ID) VALUES (12,114);
INSERT INTO KURS_TERMIN (KURS_ID, TERMINE_ID) VALUES (12,115);
INSERT INTO KURS_TERMIN (KURS_ID, TERMINE_ID) VALUES (12,116);
INSERT INTO KURS_TERMIN (KURS_ID, TERMINE_ID) VALUES (12,117);
INSERT INTO KURS_TERMIN (KURS_ID, TERMINE_ID) VALUES (12,118);
INSERT INTO KURS_TERMIN (KURS_ID, TERMINE_ID) VALUES (12,119);
INSERT INTO KURS_TERMIN (KURS_ID, TERMINE_ID) VALUES (12,120);

-- Create some Termin_Mitglied entries
--Karate -> Mitglieder angemeldet(id´s) : 3,7,11,12
INSERT INTO TERMIN_MITGLIED (TERMIN_ID, MITGLIEDERANWESEND_ID) VALUES (1  , 3 )
INSERT INTO TERMIN_MITGLIED (TERMIN_ID, MITGLIEDERANWESEND_ID) VALUES (1  , 7 )
INSERT INTO TERMIN_MITGLIED (TERMIN_ID, MITGLIEDERANWESEND_ID) VALUES (1  , 11)
INSERT INTO TERMIN_MITGLIED (TERMIN_ID, MITGLIEDERANWESEND_ID) VALUES (2  , 11)
INSERT INTO TERMIN_MITGLIED (TERMIN_ID, MITGLIEDERANWESEND_ID) VALUES (2  , 12)
INSERT INTO TERMIN_MITGLIED (TERMIN_ID, MITGLIEDERANWESEND_ID) VALUES (3  , 3 )
INSERT INTO TERMIN_MITGLIED (TERMIN_ID, MITGLIEDERANWESEND_ID) VALUES (3  , 7 )
INSERT INTO TERMIN_MITGLIED (TERMIN_ID, MITGLIEDERANWESEND_ID) VALUES (3  , 11)
INSERT INTO TERMIN_MITGLIED (TERMIN_ID, MITGLIEDERANWESEND_ID) VALUES (3  , 12)
INSERT INTO TERMIN_MITGLIED (TERMIN_ID, MITGLIEDERANWESEND_ID) VALUES (4  , 3 )
INSERT INTO TERMIN_MITGLIED (TERMIN_ID, MITGLIEDERANWESEND_ID) VALUES (4  , 7 )
INSERT INTO TERMIN_MITGLIED (TERMIN_ID, MITGLIEDERANWESEND_ID) VALUES (4  , 12)
INSERT INTO TERMIN_MITGLIED (TERMIN_ID, MITGLIEDERANWESEND_ID) VALUES (5  , 3 )
INSERT INTO TERMIN_MITGLIED (TERMIN_ID, MITGLIEDERANWESEND_ID) VALUES (5  , 7 )
INSERT INTO TERMIN_MITGLIED (TERMIN_ID, MITGLIEDERANWESEND_ID) VALUES (5  , 11)
INSERT INTO TERMIN_MITGLIED (TERMIN_ID, MITGLIEDERANWESEND_ID) VALUES (5  , 12)
INSERT INTO TERMIN_MITGLIED (TERMIN_ID, MITGLIEDERANWESEND_ID) VALUES (6  , 7 )
INSERT INTO TERMIN_MITGLIED (TERMIN_ID, MITGLIEDERANWESEND_ID) VALUES (6  , 13)
--Fußball -> Mitglieder angemeldet(id´s) :  1,5,7,8
INSERT INTO TERMIN_MITGLIED (TERMIN_ID, MITGLIEDERANWESEND_ID) VALUES (11 , 1 )
INSERT INTO TERMIN_MITGLIED (TERMIN_ID, MITGLIEDERANWESEND_ID) VALUES (11 , 5 )
INSERT INTO TERMIN_MITGLIED (TERMIN_ID, MITGLIEDERANWESEND_ID) VALUES (11 , 7 )
INSERT INTO TERMIN_MITGLIED (TERMIN_ID, MITGLIEDERANWESEND_ID) VALUES (12 , 1 )
INSERT INTO TERMIN_MITGLIED (TERMIN_ID, MITGLIEDERANWESEND_ID) VALUES (12 , 5 )
INSERT INTO TERMIN_MITGLIED (TERMIN_ID, MITGLIEDERANWESEND_ID) VALUES (12 , 7 )
INSERT INTO TERMIN_MITGLIED (TERMIN_ID, MITGLIEDERANWESEND_ID) VALUES (12 , 8 )
INSERT INTO TERMIN_MITGLIED (TERMIN_ID, MITGLIEDERANWESEND_ID) VALUES (13 , 5 )
INSERT INTO TERMIN_MITGLIED (TERMIN_ID, MITGLIEDERANWESEND_ID) VALUES (13 , 7 )
INSERT INTO TERMIN_MITGLIED (TERMIN_ID, MITGLIEDERANWESEND_ID) VALUES (13 , 8 )
--Handball -> Mitglieder angemeldet(id´s) : 4,8,10,11
INSERT INTO TERMIN_MITGLIED (TERMIN_ID, MITGLIEDERANWESEND_ID) VALUES (21 , 4 )
INSERT INTO TERMIN_MITGLIED (TERMIN_ID, MITGLIEDERANWESEND_ID) VALUES (21 , 8 )
INSERT INTO TERMIN_MITGLIED (TERMIN_ID, MITGLIEDERANWESEND_ID) VALUES (21 , 10)
INSERT INTO TERMIN_MITGLIED (TERMIN_ID, MITGLIEDERANWESEND_ID) VALUES (22 , 4 )
INSERT INTO TERMIN_MITGLIED (TERMIN_ID, MITGLIEDERANWESEND_ID) VALUES (22 , 8 )
INSERT INTO TERMIN_MITGLIED (TERMIN_ID, MITGLIEDERANWESEND_ID) VALUES (22 , 10)
INSERT INTO TERMIN_MITGLIED (TERMIN_ID, MITGLIEDERANWESEND_ID) VALUES (22 , 11)
--Tennis -> Mitglieder angemeldet(id´s) :   2,5,7,9
INSERT INTO TERMIN_MITGLIED (TERMIN_ID, MITGLIEDERANWESEND_ID) VALUES (31 , 2 )
INSERT INTO TERMIN_MITGLIED (TERMIN_ID, MITGLIEDERANWESEND_ID) VALUES (31 , 7 )
INSERT INTO TERMIN_MITGLIED (TERMIN_ID, MITGLIEDERANWESEND_ID) VALUES (31 , 9 )
INSERT INTO TERMIN_MITGLIED (TERMIN_ID, MITGLIEDERANWESEND_ID) VALUES (32 , 2 )
INSERT INTO TERMIN_MITGLIED (TERMIN_ID, MITGLIEDERANWESEND_ID) VALUES (32 , 5 )
INSERT INTO TERMIN_MITGLIED (TERMIN_ID, MITGLIEDERANWESEND_ID) VALUES (32 , 7 )
INSERT INTO TERMIN_MITGLIED (TERMIN_ID, MITGLIEDERANWESEND_ID) VALUES (32 , 9 )
--Tischtennis -> Mitglieder angemeldet(id´s) : 2,3,4,5
INSERT INTO TERMIN_MITGLIED (TERMIN_ID, MITGLIEDERANWESEND_ID) VALUES (41 , 3 )
INSERT INTO TERMIN_MITGLIED (TERMIN_ID, MITGLIEDERANWESEND_ID) VALUES (41 , 4 )
INSERT INTO TERMIN_MITGLIED (TERMIN_ID, MITGLIEDERANWESEND_ID) VALUES (41 , 5 )
INSERT INTO TERMIN_MITGLIED (TERMIN_ID, MITGLIEDERANWESEND_ID) VALUES (42 , 2 )
INSERT INTO TERMIN_MITGLIED (TERMIN_ID, MITGLIEDERANWESEND_ID) VALUES (42 , 3 )
INSERT INTO TERMIN_MITGLIED (TERMIN_ID, MITGLIEDERANWESEND_ID) VALUES (42 , 4 )
INSERT INTO TERMIN_MITGLIED (TERMIN_ID, MITGLIEDERANWESEND_ID) VALUES (42 , 5 )
INSERT INTO TERMIN_MITGLIED (TERMIN_ID, MITGLIEDERANWESEND_ID) VALUES (43 , 4 )
INSERT INTO TERMIN_MITGLIED (TERMIN_ID, MITGLIEDERANWESEND_ID) VALUES (43 , 5 )
--Basketball -> Mitglieder angemeldet(id´s) : 1,6,8,9
INSERT INTO TERMIN_MITGLIED (TERMIN_ID, MITGLIEDERANWESEND_ID) VALUES (51 , 1 )
INSERT INTO TERMIN_MITGLIED (TERMIN_ID, MITGLIEDERANWESEND_ID) VALUES (51 , 6 )
INSERT INTO TERMIN_MITGLIED (TERMIN_ID, MITGLIEDERANWESEND_ID) VALUES (52 , 1 )
INSERT INTO TERMIN_MITGLIED (TERMIN_ID, MITGLIEDERANWESEND_ID) VALUES (52 , 6 )
INSERT INTO TERMIN_MITGLIED (TERMIN_ID, MITGLIEDERANWESEND_ID) VALUES (52 , 8 )
INSERT INTO TERMIN_MITGLIED (TERMIN_ID, MITGLIEDERANWESEND_ID) VALUES (53 , 1 )
INSERT INTO TERMIN_MITGLIED (TERMIN_ID, MITGLIEDERANWESEND_ID) VALUES (53 , 6 )
INSERT INTO TERMIN_MITGLIED (TERMIN_ID, MITGLIEDERANWESEND_ID) VALUES (53 , 8 )
INSERT INTO TERMIN_MITGLIED (TERMIN_ID, MITGLIEDERANWESEND_ID) VALUES (53 , 9 )
--Bogenschießen -> Mitglieder angemeldet(id´s) : 1,2,3,8
INSERT INTO TERMIN_MITGLIED (TERMIN_ID, MITGLIEDERANWESEND_ID) VALUES (61 , 8 )
INSERT INTO TERMIN_MITGLIED (TERMIN_ID, MITGLIEDERANWESEND_ID) VALUES (62 , 1 )
INSERT INTO TERMIN_MITGLIED (TERMIN_ID, MITGLIEDERANWESEND_ID) VALUES (62 , 2 )
INSERT INTO TERMIN_MITGLIED (TERMIN_ID, MITGLIEDERANWESEND_ID) VALUES (62 , 3 )
INSERT INTO TERMIN_MITGLIED (TERMIN_ID, MITGLIEDERANWESEND_ID) VALUES (62 , 8 )
INSERT INTO TERMIN_MITGLIED (TERMIN_ID, MITGLIEDERANWESEND_ID) VALUES (63 , 2 )
INSERT INTO TERMIN_MITGLIED (TERMIN_ID, MITGLIEDERANWESEND_ID) VALUES (63 , 3 )
INSERT INTO TERMIN_MITGLIED (TERMIN_ID, MITGLIEDERANWESEND_ID) VALUES (63 , 8 )
--Bowling -> Mitglieder angemeldet(id´s) : 2,3,4,11
INSERT INTO TERMIN_MITGLIED (TERMIN_ID, MITGLIEDERANWESEND_ID) VALUES (71 , 3 )
INSERT INTO TERMIN_MITGLIED (TERMIN_ID, MITGLIEDERANWESEND_ID) VALUES (71 , 4 )
INSERT INTO TERMIN_MITGLIED (TERMIN_ID, MITGLIEDERANWESEND_ID) VALUES (71 , 11)
INSERT INTO TERMIN_MITGLIED (TERMIN_ID, MITGLIEDERANWESEND_ID) VALUES (72 , 2 )
INSERT INTO TERMIN_MITGLIED (TERMIN_ID, MITGLIEDERANWESEND_ID) VALUES (72 , 3 )
INSERT INTO TERMIN_MITGLIED (TERMIN_ID, MITGLIEDERANWESEND_ID) VALUES (72 , 4 )
INSERT INTO TERMIN_MITGLIED (TERMIN_ID, MITGLIEDERANWESEND_ID) VALUES (72 , 11)
INSERT INTO TERMIN_MITGLIED (TERMIN_ID, MITGLIEDERANWESEND_ID) VALUES (73 , 2 )
INSERT INTO TERMIN_MITGLIED (TERMIN_ID, MITGLIEDERANWESEND_ID) VALUES (73 , 3 )
INSERT INTO TERMIN_MITGLIED (TERMIN_ID, MITGLIEDERANWESEND_ID) VALUES (73 , 4 )
INSERT INTO TERMIN_MITGLIED (TERMIN_ID, MITGLIEDERANWESEND_ID) VALUES (74 , 3 )
INSERT INTO TERMIN_MITGLIED (TERMIN_ID, MITGLIEDERANWESEND_ID) VALUES (75 , 2 )
INSERT INTO TERMIN_MITGLIED (TERMIN_ID, MITGLIEDERANWESEND_ID) VALUES (75 , 4 )
INSERT INTO TERMIN_MITGLIED (TERMIN_ID, MITGLIEDERANWESEND_ID) VALUES (75 , 11)
INSERT INTO TERMIN_MITGLIED (TERMIN_ID, MITGLIEDERANWESEND_ID) VALUES (76 , 2 )
INSERT INTO TERMIN_MITGLIED (TERMIN_ID, MITGLIEDERANWESEND_ID) VALUES (76 , 3 )
INSERT INTO TERMIN_MITGLIED (TERMIN_ID, MITGLIEDERANWESEND_ID) VALUES (76 , 4 )
INSERT INTO TERMIN_MITGLIED (TERMIN_ID, MITGLIEDERANWESEND_ID) VALUES (76 , 11)
--Eishockey -> Mitglieder angemeldet(id´s) : 7,9,10,12
INSERT INTO TERMIN_MITGLIED (TERMIN_ID, MITGLIEDERANWESEND_ID) VALUES (81 , 9 )
INSERT INTO TERMIN_MITGLIED (TERMIN_ID, MITGLIEDERANWESEND_ID) VALUES (81 , 10)
INSERT INTO TERMIN_MITGLIED (TERMIN_ID, MITGLIEDERANWESEND_ID) VALUES (81 , 12)
INSERT INTO TERMIN_MITGLIED (TERMIN_ID, MITGLIEDERANWESEND_ID) VALUES (82 , 7 )
INSERT INTO TERMIN_MITGLIED (TERMIN_ID, MITGLIEDERANWESEND_ID) VALUES (82 , 9 )
INSERT INTO TERMIN_MITGLIED (TERMIN_ID, MITGLIEDERANWESEND_ID) VALUES (82 , 10)
INSERT INTO TERMIN_MITGLIED (TERMIN_ID, MITGLIEDERANWESEND_ID) VALUES (82 , 12)
INSERT INTO TERMIN_MITGLIED (TERMIN_ID, MITGLIEDERANWESEND_ID) VALUES (83 , 7 )
INSERT INTO TERMIN_MITGLIED (TERMIN_ID, MITGLIEDERANWESEND_ID) VALUES (83 , 12)
--Federball -> Mitglieder angemeldet(id´s) : 1,4,5,6
INSERT INTO TERMIN_MITGLIED (TERMIN_ID, MITGLIEDERANWESEND_ID) VALUES (91 , 4 )
INSERT INTO TERMIN_MITGLIED (TERMIN_ID, MITGLIEDERANWESEND_ID) VALUES (91 , 5 )
INSERT INTO TERMIN_MITGLIED (TERMIN_ID, MITGLIEDERANWESEND_ID) VALUES (91 , 6 )
INSERT INTO TERMIN_MITGLIED (TERMIN_ID, MITGLIEDERANWESEND_ID) VALUES (92 , 1 )
INSERT INTO TERMIN_MITGLIED (TERMIN_ID, MITGLIEDERANWESEND_ID) VALUES (92 , 4 )
INSERT INTO TERMIN_MITGLIED (TERMIN_ID, MITGLIEDERANWESEND_ID) VALUES (92 , 5 )
INSERT INTO TERMIN_MITGLIED (TERMIN_ID, MITGLIEDERANWESEND_ID) VALUES (92 , 6 )
--Golf -> Mitglieder angemeldet(id´s) : 6,10,11,12
INSERT INTO TERMIN_MITGLIED (TERMIN_ID, MITGLIEDERANWESEND_ID) VALUES (101, 6 )
INSERT INTO TERMIN_MITGLIED (TERMIN_ID, MITGLIEDERANWESEND_ID) VALUES (101, 11)
INSERT INTO TERMIN_MITGLIED (TERMIN_ID, MITGLIEDERANWESEND_ID) VALUES (102, 6 )
INSERT INTO TERMIN_MITGLIED (TERMIN_ID, MITGLIEDERANWESEND_ID) VALUES (102, 10)
INSERT INTO TERMIN_MITGLIED (TERMIN_ID, MITGLIEDERANWESEND_ID) VALUES (102, 12)
--Yoga -> Mitglieder angemeldet(id´s) : 6,9,10,12
INSERT INTO TERMIN_MITGLIED (TERMIN_ID, MITGLIEDERANWESEND_ID) VALUES (111, 9 )
INSERT INTO TERMIN_MITGLIED (TERMIN_ID, MITGLIEDERANWESEND_ID) VALUES (111, 10)
INSERT INTO TERMIN_MITGLIED (TERMIN_ID, MITGLIEDERANWESEND_ID) VALUES (111, 12)
INSERT INTO TERMIN_MITGLIED (TERMIN_ID, MITGLIEDERANWESEND_ID) VALUES (112, 6 )
INSERT INTO TERMIN_MITGLIED (TERMIN_ID, MITGLIEDERANWESEND_ID) VALUES (112, 9 )
INSERT INTO TERMIN_MITGLIED (TERMIN_ID, MITGLIEDERANWESEND_ID) VALUES (112, 10)
INSERT INTO TERMIN_MITGLIED (TERMIN_ID, MITGLIEDERANWESEND_ID) VALUES (112, 12)




