-- Create some Kurs entries
INSERT INTO KURS (ID, NAME) VALUES (1 , 'Karate'       );
INSERT INTO KURS (ID, NAME) VALUES (2 , 'Fussball'     );
INSERT INTO KURS (ID, NAME) VALUES (3 , 'Handball'     );
INSERT INTO KURS (ID, NAME) VALUES (4 , 'Tennis'       );
INSERT INTO KURS (ID, NAME) VALUES (5 , 'Tischtennis'  );
INSERT INTO KURS (ID, NAME) VALUES (6 , 'Basketball'   );
INSERT INTO KURS (ID, NAME) VALUES (7 , 'Bogenschiessen');
INSERT INTO KURS (ID, NAME) VALUES (8 , 'Bowling'      );
INSERT INTO KURS (ID, NAME) VALUES (9 , 'Eishockey'    );
INSERT INTO KURS (ID, NAME) VALUES (10, 'Federball'    );
INSERT INTO KURS (ID, NAME) VALUES (11, 'Golf'         );
INSERT INTO KURS (ID, NAME) VALUES (12, 'Yoga'         );

-- Create some Login entries
INSERT INTO LOGIN (ID, USERNAME, PASSWORD) VALUES (1 ,  'root'     , 'root'  );
INSERT INTO LOGIN (ID, USERNAME, PASSWORD) VALUES (2 ,  'Hans'     , '123456');
INSERT INTO LOGIN (ID, USERNAME, PASSWORD) VALUES (3 ,  'Dirk'     , '123456');
INSERT INTO LOGIN (ID, USERNAME, PASSWORD) VALUES (4 ,  'Brunhilde', '123456');
INSERT INTO LOGIN (ID, USERNAME, PASSWORD) VALUES (5 ,  'Siegfried', '123456');
INSERT INTO LOGIN (ID, USERNAME, PASSWORD) VALUES (6 ,  'Traudel'  , '123456');
INSERT INTO LOGIN (ID, USERNAME, PASSWORD) VALUES (7 ,  'Mathilda' , '123456');
INSERT INTO LOGIN (ID, USERNAME, PASSWORD) VALUES (8 ,  'Jonas'    , '123456');
INSERT INTO LOGIN (ID, USERNAME, PASSWORD) VALUES (9 ,  'Frida'    , '123456');
INSERT INTO LOGIN (ID, USERNAME, PASSWORD) VALUES (10,  'Horst'    , '123456');
INSERT INTO LOGIN (ID, USERNAME, PASSWORD) VALUES (11,  'Dietrich' , '123456');

-- Create some Mitglied entries
INSERT INTO MITGLIED (ID, GEBDATUM, GEBORT, GESCHLECHT, NACHNAME, TRITTAUSDATUM, VORNAME) VALUES (1 , '1971-10-31', 'Herborn'       ,'MAENNLICH' ,  'Meier'     ,  '2015-12-09',  'Lukas'     );
INSERT INTO MITGLIED (ID, GEBDATUM, GEBORT, GESCHLECHT, NACHNAME, TRITTAUSDATUM, VORNAME) VALUES (2 , '1972-05-28', 'Bischoffen'    ,'MAENNLICH' ,  'Schmitt'   ,  '2022-12-09',  'Franz'     );
INSERT INTO MITGLIED (ID, GEBDATUM, GEBORT, GESCHLECHT, NACHNAME, TRITTAUSDATUM, VORNAME) VALUES (3 , '1994-08-31', 'Mittenaar'     ,'MAENNLICH' ,  'Schneider' ,  '2022-12-09',  'Kaspar'    );
INSERT INTO MITGLIED (ID, GEBDATUM, GEBORT, GESCHLECHT, NACHNAME, TRITTAUSDATUM, VORNAME) VALUES (4 , '1973-09-01', 'Fronhausen'    ,'WEIBLICH'  ,  'Fischer'   ,  '2022-12-09',  'Janina'    );
INSERT INTO MITGLIED (ID, GEBDATUM, GEBORT, GESCHLECHT, NACHNAME, TRITTAUSDATUM, VORNAME) VALUES (5 , '1973-12-25', 'Staufenberg'   ,'WEIBLICH'  ,  'Weber'     ,  '2022-12-09',  'Marlene'   );
INSERT INTO MITGLIED (ID, GEBDATUM, GEBORT, GESCHLECHT, NACHNAME, TRITTAUSDATUM, VORNAME) VALUES (6 , '1974-09-14', 'Lollar'        ,'MAENNLICH' ,  'Meyer'     ,  '2022-12-09',  'Petrus'    );
INSERT INTO MITGLIED (ID, GEBDATUM, GEBORT, GESCHLECHT, NACHNAME, TRITTAUSDATUM, VORNAME) VALUES (7 , '1975-10-14', 'Wettenberg'    ,'MAENNLICH' ,  'Wagner'    ,  '2022-12-09',  'Roman'     );
INSERT INTO MITGLIED (ID, GEBDATUM, GEBORT, GESCHLECHT, NACHNAME, TRITTAUSDATUM, VORNAME) VALUES (8 , '1976-10-25', 'Rabenau'       ,'WEIBLICH'  ,  'Becker'    ,  '2022-12-09',  'Evelin'    );
INSERT INTO MITGLIED (ID, GEBDATUM, GEBORT, GESCHLECHT, NACHNAME, TRITTAUSDATUM, VORNAME) VALUES (9 , '1977-10-18', 'Solms'         ,'WEIBLICH'  ,  'Schulz'    ,  '2022-12-09',  'Cecilia'   );
INSERT INTO MITGLIED (ID, GEBDATUM, GEBORT, GESCHLECHT, NACHNAME, TRITTAUSDATUM, VORNAME) VALUES (10, '1978-02-01', 'Wetzlar'       ,'WEIBLICH'  ,  'Hoffmann'  ,  '2022-12-09',  'Sybille'   );
INSERT INTO MITGLIED (ID, GEBDATUM, GEBORT, GESCHLECHT, NACHNAME, TRITTAUSDATUM, VORNAME) VALUES (11, '1978-04-23', 'Fernwald'      ,'MAENNLICH' ,  'Schulz'    ,  '2022-12-09',  'Armin'     );
INSERT INTO MITGLIED (ID, GEBDATUM, GEBORT, GESCHLECHT, NACHNAME, TRITTAUSDATUM, VORNAME) VALUES (12, '1979-09-28', 'Lich'          ,'WEIBLICH'  ,  'Koch'      ,  '2022-12-09',  'Hannelore' );
INSERT INTO MITGLIED (ID, GEBDATUM, GEBORT, GESCHLECHT, NACHNAME, TRITTAUSDATUM, VORNAME) VALUES (13, '1980-10-10', 'Marburg'       ,'WEIBLICH'  ,  'Bauer'     ,  '2022-12-09',  'Sylvia'    );
INSERT INTO MITGLIED (ID, GEBDATUM, GEBORT, GESCHLECHT, NACHNAME, TRITTAUSDATUM, VORNAME) VALUES (14, '1984-11-25', 'Wetzlar'       ,'MAENNLICH' ,  'Richter'   ,  '2022-12-09',  'Dominik'   );
INSERT INTO MITGLIED (ID, GEBDATUM, GEBORT, GESCHLECHT, NACHNAME, TRITTAUSDATUM, VORNAME) VALUES (15, '1985-10-26', 'Braunfels'     ,'MAENNLICH' ,  'Klein'     ,  '2022-12-09',  'Heinrich'  );
INSERT INTO MITGLIED (ID, GEBDATUM, GEBORT, GESCHLECHT, NACHNAME, TRITTAUSDATUM, VORNAME) VALUES (16, '1990-01-20', 'Frankfurt'     ,'MAENNLICH' ,  'Wolf'      ,  '2022-12-09',  'Gabriel'   );
INSERT INTO MITGLIED (ID, GEBDATUM, GEBORT, GESCHLECHT, NACHNAME, TRITTAUSDATUM, VORNAME) VALUES (17, '1986-02-27', 'Marburg'       ,'MAENNLICH' ,  'Schiller'  ,  '2022-12-09',  'Johanna'   );
INSERT INTO MITGLIED (ID, GEBDATUM, GEBORT, GESCHLECHT, NACHNAME, TRITTAUSDATUM, VORNAME) VALUES (18, '1987-01-25', 'Hungen'        ,'MAENNLICH' ,  'Neumann'   ,  '2022-12-09',  'Paul'      );
INSERT INTO MITGLIED (ID, GEBDATUM, GEBORT, GESCHLECHT, NACHNAME, TRITTAUSDATUM, VORNAME) VALUES (19, '1991-04-02', 'Laubach'       ,'MAENNLICH' ,  'Schwarz'   ,  '2022-12-09',  'Till'      );
INSERT INTO MITGLIED (ID, GEBDATUM, GEBORT, GESCHLECHT, NACHNAME, TRITTAUSDATUM, VORNAME) VALUES (20, '1991-09-21', 'Eschborn'      ,'WEIBLICH'  ,  'Zimmermann',  '2022-12-09',  'Tatiana'   );
INSERT INTO MITGLIED (ID, GEBDATUM, GEBORT, GESCHLECHT, NACHNAME, TRITTAUSDATUM, VORNAME) VALUES (21, '1994-03-29', 'Frankfurt'     ,'MAENNLICH' ,  'Braun'     ,  '2022-12-09',  'Frederik'  );
INSERT INTO MITGLIED (ID, GEBDATUM, GEBORT, GESCHLECHT, NACHNAME, TRITTAUSDATUM, VORNAME) VALUES (22, '1995-03-26', 'Dietzenbach'   ,'MAENNLICH' ,  'Kachel'    ,  '2022-12-09',  'Simon'     );
INSERT INTO MITGLIED (ID, GEBDATUM, GEBORT, GESCHLECHT, NACHNAME, TRITTAUSDATUM, VORNAME) VALUES (23, '1996-01-26', 'Krombach'      ,'MAENNLICH' ,  'Hofmann'   ,  '2022-12-09',  'Manuela'   );
INSERT INTO MITGLIED (ID, GEBDATUM, GEBORT, GESCHLECHT, NACHNAME, TRITTAUSDATUM, VORNAME) VALUES (24, '1971-06-28', 'Giessen'       ,'WEIBLICH'  ,  'Hartmann'  ,  '2022-12-09',  'Isabelle'  );
INSERT INTO MITGLIED (ID, GEBDATUM, GEBORT, GESCHLECHT, NACHNAME, TRITTAUSDATUM, VORNAME) VALUES (25, '1971-08-09', 'Nidderau'      ,'WEIBLICH'  ,  'Lange'     ,  '2022-12-09',  'Valerie'   );
INSERT INTO MITGLIED (ID, GEBDATUM, GEBORT, GESCHLECHT, NACHNAME, TRITTAUSDATUM, VORNAME) VALUES (26, '1972-10-25', 'Karben'        ,'WEIBLICH'  ,  'Werner'    ,  '2022-12-09',  'Nadja'     );
INSERT INTO MITGLIED (ID, GEBDATUM, GEBORT, GESCHLECHT, NACHNAME, TRITTAUSDATUM, VORNAME) VALUES (27, '1973-03-31', 'Friedrichsdorf','MAENNLICH' ,  'Schmitz'   ,  '2022-12-09',  'Friedrich' );
INSERT INTO MITGLIED (ID, GEBDATUM, GEBORT, GESCHLECHT, NACHNAME, TRITTAUSDATUM, VORNAME) VALUES (28, '1974-07-26', 'Niedernhausen' ,'WEIBLICH'  ,  'Krause'    ,  '2022-12-09',  'Amanda'    );
INSERT INTO MITGLIED (ID, GEBDATUM, GEBORT, GESCHLECHT, NACHNAME, TRITTAUSDATUM, VORNAME) VALUES (29, '1974-10-20', 'Marburg'       ,'MAENNLICH' ,  'Meier'     ,  '2022-12-09',  'Friedrich' );
INSERT INTO MITGLIED (ID, GEBDATUM, GEBORT, GESCHLECHT, NACHNAME, TRITTAUSDATUM, VORNAME) VALUES (30, '1976-02-03', 'Fulda'         ,'MAENNLICH' ,  'Lehmann'   ,  '2022-12-09',  'Timo'      );
INSERT INTO MITGLIED (ID, GEBDATUM, GEBORT, GESCHLECHT, NACHNAME, TRITTAUSDATUM, VORNAME) VALUES (31, '1976-04-15', 'Hosenfeld'     ,'MAENNLICH' ,  'Schmid'    ,  '2022-12-09',  'Niklas'    );
INSERT INTO MITGLIED (ID, GEBDATUM, GEBORT, GESCHLECHT, NACHNAME, TRITTAUSDATUM, VORNAME) VALUES (32, '1977-01-29', 'Grebenhain'    ,'WEIBLICH'  ,  'Schulze'   ,  '2022-12-09',  'Janine'    );
INSERT INTO MITGLIED (ID, GEBDATUM, GEBORT, GESCHLECHT, NACHNAME, TRITTAUSDATUM, VORNAME) VALUES (33, '1977-05-31', 'Eichenzell'    ,'MAENNLICH' ,  'Maier'     ,  '2022-12-09',  'Siegmund'  );
INSERT INTO MITGLIED (ID, GEBDATUM, GEBORT, GESCHLECHT, NACHNAME, TRITTAUSDATUM, VORNAME) VALUES (34, '1977-10-26', 'Hofbieber'     ,'MAENNLICH' ,  'Kaiser'    ,  '2022-12-09',  'Hannes'    );
INSERT INTO MITGLIED (ID, GEBDATUM, GEBORT, GESCHLECHT, NACHNAME, TRITTAUSDATUM, VORNAME) VALUES (35, '1979-08-08', 'Schwalmtal'    ,'WEIBLICH'  ,  'Herrmann'  ,  '2022-12-09',  'Anne'      );
INSERT INTO MITGLIED (ID, GEBDATUM, GEBORT, GESCHLECHT, NACHNAME, TRITTAUSDATUM, VORNAME) VALUES (36, '1980-10-24', 'Lautertal'     ,'WEIBLICH'  ,  'Kaiser'    ,  '2022-12-09',  'Anna'      );
INSERT INTO MITGLIED (ID, GEBDATUM, GEBORT, GESCHLECHT, NACHNAME, TRITTAUSDATUM, VORNAME) VALUES (37, '1982-09-19', 'Herbstein'     ,'WEIBLICH'  ,  'Walter'    ,  '2022-12-09',  'Liselotte' );
INSERT INTO MITGLIED (ID, GEBDATUM, GEBORT, GESCHLECHT, NACHNAME, TRITTAUSDATUM, VORNAME) VALUES (38, '1983-03-09', 'Birstein'      ,'MAENNLICH' ,  'Mayer'     ,  '2022-12-09',  'Elena'     );
INSERT INTO MITGLIED (ID, GEBDATUM, GEBORT, GESCHLECHT, NACHNAME, TRITTAUSDATUM, VORNAME) VALUES (39, '1984-09-07', 'Marburg'       ,'MAENNLICH' ,  'Huber'     ,  '2022-12-09',  'Suse'      );
INSERT INTO MITGLIED (ID, GEBDATUM, GEBORT, GESCHLECHT, NACHNAME, TRITTAUSDATUM, VORNAME) VALUES (40, '1985-04-18', 'Giessen'       ,'WEIBLICH'  ,  'Kaiser'    ,  '2022-12-09',  'Elke'      );
INSERT INTO MITGLIED (ID, GEBDATUM, GEBORT, GESCHLECHT, NACHNAME, TRITTAUSDATUM, VORNAME) VALUES (41, '1987-03-20', 'Rauschenberg'  ,'MAENNLICH' ,  'Fuchs'     ,  '2022-12-09',  'Konstantin');
INSERT INTO MITGLIED (ID, GEBDATUM, GEBORT, GESCHLECHT, NACHNAME, TRITTAUSDATUM, VORNAME) VALUES (42, '1987-06-20', 'Krichhain'     ,'MAENNLICH' ,  'Scholz'    ,  '2022-12-09',  'Thomas'    );
INSERT INTO MITGLIED (ID, GEBDATUM, GEBORT, GESCHLECHT, NACHNAME, TRITTAUSDATUM, VORNAME) VALUES (43, '1989-02-02', 'Stadtallendorf','MAENNLICH' ,  'Maurer'    ,  '2022-12-09',  'Silas'     );
INSERT INTO MITGLIED (ID, GEBDATUM, GEBORT, GESCHLECHT, NACHNAME, TRITTAUSDATUM, VORNAME) VALUES (44, '1990-02-08', 'Biedenkopf'    ,'MAENNLICH' ,  'Schubert'  ,  '2022-12-09',  'Herbert'   );
INSERT INTO MITGLIED (ID, GEBDATUM, GEBORT, GESCHLECHT, NACHNAME, TRITTAUSDATUM, VORNAME) VALUES (45, '1990-07-20', 'Westerwald'    ,'WEIBLICH'  ,  'Roth'      ,  '2022-12-09',  'Mareike'   );
INSERT INTO MITGLIED (ID, GEBDATUM, GEBORT, GESCHLECHT, NACHNAME, TRITTAUSDATUM, VORNAME) VALUES (46, '1988-09-27', 'Marburg'       ,'MAENNLICH' ,  'Bauer'     ,  '2022-12-09',  'Thorsten'  );
INSERT INTO MITGLIED (ID, GEBDATUM, GEBORT, GESCHLECHT, NACHNAME, TRITTAUSDATUM, VORNAME) VALUES (47, '1982-01-12', 'Giessen'       ,'WEIBLICH'  ,  'Deutsch'   ,  '2022-12-09',  'Marie'     );
INSERT INTO MITGLIED (ID, GEBDATUM, GEBORT, GESCHLECHT, NACHNAME, TRITTAUSDATUM, VORNAME) VALUES (48, '1991-05-01', 'Frankfurt'     ,'MAENNLICH' ,  'Zimmermann',  '2022-12-09',  'Daniel'    );

-- Create some Trainer entries
INSERT INTO TRAINER (ID, GEBDATUM,    GEBORT,   GESCHLECHT,   NACHNAME, TRITTAUSDATUM, VORNAME, LOGIN_ID) VALUES (1 , '1996-12-19', 'Marburg'    ,    'MAENNLICH' , 'rootNachname', '2022-12-09',  'rootVorname', 1 );
INSERT INTO TRAINER (ID, GEBDATUM,    GEBORT,   GESCHLECHT,   NACHNAME, TRITTAUSDATUM, VORNAME, LOGIN_ID) VALUES (2 , '1990-09-02', 'Giessen'    ,    'MAENNLICH' , 'Mueller'     , '2019-12-09',  'Hans'       , 2 );
INSERT INTO TRAINER (ID, GEBDATUM,    GEBORT,   GESCHLECHT,   NACHNAME, TRITTAUSDATUM, VORNAME, LOGIN_ID) VALUES (3 , '1974-04-13', 'Friedberg'  ,    'MAENNLICH' , 'Peterson'    , '2020-12-09',  'Dirk'       , 3 );
INSERT INTO TRAINER (ID, GEBDATUM,    GEBORT,   GESCHLECHT,   NACHNAME, TRITTAUSDATUM, VORNAME, LOGIN_ID) VALUES (4 , '1982-11-21', 'Michelbach' ,    'WEIBLICH'  , 'Gibson'      , '2021-12-09',  'Brunhilde'  , 4 );
INSERT INTO TRAINER (ID, GEBDATUM,    GEBORT,   GESCHLECHT,   NACHNAME, TRITTAUSDATUM, VORNAME, LOGIN_ID) VALUES (5 , '1980-01-27', 'Wehrshausen',    'MAENNLICH' , 'Bolz'        , '2020-12-09',  'Siegfried'  , 5 );
INSERT INTO TRAINER (ID, GEBDATUM,    GEBORT,   GESCHLECHT,   NACHNAME, TRITTAUSDATUM, VORNAME, LOGIN_ID) VALUES (6 , '1990-12-16', 'Giessen'    ,    'WEIBLICH'  , 'Hausen'      , '2019-12-09',  'Traudel'    , 6 );
INSERT INTO TRAINER (ID, GEBDATUM,    GEBORT,   GESCHLECHT,   NACHNAME, TRITTAUSDATUM, VORNAME, LOGIN_ID) VALUES (7 , '1963-08-09', 'Frankfurt'  ,    'WEIBLICH'  , 'Becker'      , '2021-12-09',  'Mathilda'   , 7 );
INSERT INTO TRAINER (ID, GEBDATUM,    GEBORT,   GESCHLECHT,   NACHNAME, TRITTAUSDATUM, VORNAME, LOGIN_ID) VALUES (8 , '1986-07-18', 'Sterzhausen',    'WEIBLICH'  , 'Mueller'     , '2020-12-09',  'Jonas'      , 8 );
INSERT INTO TRAINER (ID, GEBDATUM,    GEBORT,   GESCHLECHT,   NACHNAME, TRITTAUSDATUM, VORNAME, LOGIN_ID) VALUES (9 , '1987-10-03', 'Marburg'    ,    'WEIBLICH'  , 'Becker'      , '2022-12-09',  'Frida'      , 9 );
INSERT INTO TRAINER (ID, GEBDATUM,    GEBORT,   GESCHLECHT,   NACHNAME, TRITTAUSDATUM, VORNAME, LOGIN_ID) VALUES (10, '1984-10-09', 'Frankfurt'  ,    'MAENNLICH' , 'Neuhaus'     , '2023-12-09',  'Horst'      , 10);
INSERT INTO TRAINER (ID, GEBDATUM,    GEBORT,   GESCHLECHT,   NACHNAME, TRITTAUSDATUM, VORNAME, LOGIN_ID) VALUES (11, '1979-04-18', 'Giessen'    ,    'MAENNLICH' , 'Vandersweg'  , '2019-12-09',  'Dietrich'   , 11);


-- Create some Termin entries
--Karate
INSERT INTO TERMIN (ID, DATUM) VALUES (1  , '2017-03-07');
INSERT INTO TERMIN (ID, DATUM) VALUES (2  , '2017-03-25');
INSERT INTO TERMIN (ID, DATUM) VALUES (3  , '2017-03-27');
INSERT INTO TERMIN (ID, DATUM) VALUES (4  , '2017-04-14');
INSERT INTO TERMIN (ID, DATUM) VALUES (5  , '2017-06-04');
INSERT INTO TERMIN (ID, DATUM) VALUES (6  , '2017-07-02');
INSERT INTO TERMIN (ID, DATUM) VALUES (7  , '2018-02-01');
INSERT INTO TERMIN (ID, DATUM) VALUES (8  , '2018-03-04');
INSERT INTO TERMIN (ID, DATUM) VALUES (9  , '2018-03-23');
INSERT INTO TERMIN (ID, DATUM) VALUES (10 , '2018-04-28');
--Fußball
INSERT INTO TERMIN (ID, DATUM) VALUES (11 , '2017-02-10');
INSERT INTO TERMIN (ID, DATUM) VALUES (12 , '2017-05-15');
INSERT INTO TERMIN (ID, DATUM) VALUES (13 , '2017-06-05');
INSERT INTO TERMIN (ID, DATUM) VALUES (14 , '2017-10-03');
INSERT INTO TERMIN (ID, DATUM) VALUES (15 , '2017-10-18');
INSERT INTO TERMIN (ID, DATUM) VALUES (16 , '2017-10-20');
INSERT INTO TERMIN (ID, DATUM) VALUES (17 , '2018-07-18');
INSERT INTO TERMIN (ID, DATUM) VALUES (18 , '2018-08-07');
INSERT INTO TERMIN (ID, DATUM) VALUES (19 , '2018-08-12');
INSERT INTO TERMIN (ID, DATUM) VALUES (20 , '2018-11-11');
--Handball
INSERT INTO TERMIN (ID, DATUM) VALUES (21 , '2017-07-19');
INSERT INTO TERMIN (ID, DATUM) VALUES (22 , '2017-08-19');
INSERT INTO TERMIN (ID, DATUM) VALUES (23 , '2017-11-27');
INSERT INTO TERMIN (ID, DATUM) VALUES (24 , '2017-12-06');
INSERT INTO TERMIN (ID, DATUM) VALUES (25 , '2018-03-07');
INSERT INTO TERMIN (ID, DATUM) VALUES (26 , '2018-03-08');
INSERT INTO TERMIN (ID, DATUM) VALUES (27 , '2018-04-22');
INSERT INTO TERMIN (ID, DATUM) VALUES (28 , '2018-05-06');
INSERT INTO TERMIN (ID, DATUM) VALUES (29 , '2018-08-22');
INSERT INTO TERMIN (ID, DATUM) VALUES (30 , '2018-11-18');
--Tennis
INSERT INTO TERMIN (ID, DATUM) VALUES (31 , '2017-03-17');
INSERT INTO TERMIN (ID, DATUM) VALUES (32 , '2017-08-08');
INSERT INTO TERMIN (ID, DATUM) VALUES (33 , '2017-09-03');
INSERT INTO TERMIN (ID, DATUM) VALUES (34 , '2018-01-04');
INSERT INTO TERMIN (ID, DATUM) VALUES (35 , '2018-01-22');
INSERT INTO TERMIN (ID, DATUM) VALUES (36 , '2018-02-02');
INSERT INTO TERMIN (ID, DATUM) VALUES (37 , '2018-07-04');
INSERT INTO TERMIN (ID, DATUM) VALUES (38 , '2018-10-24');
INSERT INTO TERMIN (ID, DATUM) VALUES (39 , '2018-12-18');
INSERT INTO TERMIN (ID, DATUM) VALUES (40 , '2018-12-20');
--Tischtennis
INSERT INTO TERMIN (ID, DATUM) VALUES (41 , '2017-04-22');
INSERT INTO TERMIN (ID, DATUM) VALUES (42 , '2017-06-09');
INSERT INTO TERMIN (ID, DATUM) VALUES (43 , '2017-08-13');
INSERT INTO TERMIN (ID, DATUM) VALUES (44 , '2017-12-19');
INSERT INTO TERMIN (ID, DATUM) VALUES (45 , '2018-03-11');
INSERT INTO TERMIN (ID, DATUM) VALUES (46 , '2018-05-09');
INSERT INTO TERMIN (ID, DATUM) VALUES (47 , '2018-06-14');
INSERT INTO TERMIN (ID, DATUM) VALUES (48 , '2018-07-02');
INSERT INTO TERMIN (ID, DATUM) VALUES (49 , '2018-10-08');
INSERT INTO TERMIN (ID, DATUM) VALUES (50 , '2018-12-09');
--Basketball
INSERT INTO TERMIN (ID, DATUM) VALUES (51 , '2017-02-02');
INSERT INTO TERMIN (ID, DATUM) VALUES (52 , '2017-05-25');
INSERT INTO TERMIN (ID, DATUM) VALUES (53 , '2017-07-24');
INSERT INTO TERMIN (ID, DATUM) VALUES (54 , '2017-10-20');
INSERT INTO TERMIN (ID, DATUM) VALUES (55 , '2018-01-27');
INSERT INTO TERMIN (ID, DATUM) VALUES (56 , '2018-02-04');
INSERT INTO TERMIN (ID, DATUM) VALUES (57 , '2018-05-25');
INSERT INTO TERMIN (ID, DATUM) VALUES (58 , '2018-06-05');
INSERT INTO TERMIN (ID, DATUM) VALUES (59 , '2018-08-19');
INSERT INTO TERMIN (ID, DATUM) VALUES (60 , '2018-11-14');
--Bogenschießen
INSERT INTO TERMIN (ID, DATUM) VALUES (61 , '2017-05-08');
INSERT INTO TERMIN (ID, DATUM) VALUES (62 , '2017-08-05');
INSERT INTO TERMIN (ID, DATUM) VALUES (63 , '2017-08-08');
INSERT INTO TERMIN (ID, DATUM) VALUES (64 , '2018-02-11');
INSERT INTO TERMIN (ID, DATUM) VALUES (65 , '2018-04-16');
INSERT INTO TERMIN (ID, DATUM) VALUES (66 , '2018-09-16');
INSERT INTO TERMIN (ID, DATUM) VALUES (67 , '2018-10-10');
INSERT INTO TERMIN (ID, DATUM) VALUES (68 , '2018-10-12');
INSERT INTO TERMIN (ID, DATUM) VALUES (69 , '2018-11-28');
INSERT INTO TERMIN (ID, DATUM) VALUES (70 , '2018-12-27');
--Bowling
INSERT INTO TERMIN (ID, DATUM) VALUES (71 , '2017-01-08');
INSERT INTO TERMIN (ID, DATUM) VALUES (72 , '2017-01-12');
INSERT INTO TERMIN (ID, DATUM) VALUES (73 , '2017-03-25');
INSERT INTO TERMIN (ID, DATUM) VALUES (74 , '2017-06-13');
INSERT INTO TERMIN (ID, DATUM) VALUES (75 , '2017-06-28');
INSERT INTO TERMIN (ID, DATUM) VALUES (76 , '2017-08-19');
INSERT INTO TERMIN (ID, DATUM) VALUES (77 , '2018-05-20');
INSERT INTO TERMIN (ID, DATUM) VALUES (78 , '2018-08-04');
INSERT INTO TERMIN (ID, DATUM) VALUES (79 , '2018-08-25');
INSERT INTO TERMIN (ID, DATUM) VALUES (80 , '2018-12-07');
--Eishockey
INSERT INTO TERMIN (ID, DATUM) VALUES (81 , '2017-02-02');
INSERT INTO TERMIN (ID, DATUM) VALUES (82 , '2017-04-28');
INSERT INTO TERMIN (ID, DATUM) VALUES (83 , '2017-05-14');
INSERT INTO TERMIN (ID, DATUM) VALUES (84 , '2018-02-26');
INSERT INTO TERMIN (ID, DATUM) VALUES (85 , '2018-04-02');
INSERT INTO TERMIN (ID, DATUM) VALUES (86 , '2018-07-01');
INSERT INTO TERMIN (ID, DATUM) VALUES (87 , '2018-07-16');
INSERT INTO TERMIN (ID, DATUM) VALUES (88 , '2018-07-23');
INSERT INTO TERMIN (ID, DATUM) VALUES (89 , '2018-07-27');
INSERT INTO TERMIN (ID, DATUM) VALUES (90 , '2018-08-15');
--Federball
INSERT INTO TERMIN (ID, DATUM) VALUES (91 , '2017-03-17');
INSERT INTO TERMIN (ID, DATUM) VALUES (92 , '2017-04-01');
INSERT INTO TERMIN (ID, DATUM) VALUES (93 , '2018-01-13');
INSERT INTO TERMIN (ID, DATUM) VALUES (94 , '2018-02-02');
INSERT INTO TERMIN (ID, DATUM) VALUES (95 , '2018-03-02');
INSERT INTO TERMIN (ID, DATUM) VALUES (96 , '2018-06-08');
INSERT INTO TERMIN (ID, DATUM) VALUES (97 , '2018-06-17');
INSERT INTO TERMIN (ID, DATUM) VALUES (98 , '2018-06-24');
INSERT INTO TERMIN (ID, DATUM) VALUES (99 , '2018-07-09');
INSERT INTO TERMIN (ID, DATUM) VALUES (100, '2018-12-27');
--Golf
INSERT INTO TERMIN (ID, DATUM) VALUES (101, '2017-01-24');
INSERT INTO TERMIN (ID, DATUM) VALUES (102, '2017-05-12');
INSERT INTO TERMIN (ID, DATUM) VALUES (103, '2017-11-26');
INSERT INTO TERMIN (ID, DATUM) VALUES (104, '2018-01-18');
INSERT INTO TERMIN (ID, DATUM) VALUES (105, '2018-03-25');
INSERT INTO TERMIN (ID, DATUM) VALUES (106, '2018-04-12');
INSERT INTO TERMIN (ID, DATUM) VALUES (107, '2018-06-12');
INSERT INTO TERMIN (ID, DATUM) VALUES (108, '2018-06-19');
INSERT INTO TERMIN (ID, DATUM) VALUES (109, '2018-11-18');
INSERT INTO TERMIN (ID, DATUM) VALUES (110, '2018-12-07');
--Yoga
INSERT INTO TERMIN (ID, DATUM) VALUES (111, '2017-02-21');
INSERT INTO TERMIN (ID, DATUM) VALUES (112, '2017-04-12');
INSERT INTO TERMIN (ID, DATUM) VALUES (113, '2017-09-14');
INSERT INTO TERMIN (ID, DATUM) VALUES (114, '2017-10-08');
INSERT INTO TERMIN (ID, DATUM) VALUES (115, '2017-11-10');
INSERT INTO TERMIN (ID, DATUM) VALUES (116, '2018-03-19');
INSERT INTO TERMIN (ID, DATUM) VALUES (117, '2018-05-06');
INSERT INTO TERMIN (ID, DATUM) VALUES (118, '2018-06-01');
INSERT INTO TERMIN (ID, DATUM) VALUES (119, '2018-10-28');
INSERT INTO TERMIN (ID, DATUM) VALUES (120, '2018-12-08');

-- Create some Trainer_Kurs entries
INSERT INTO TRAINER_KURS (TRAINER_ID, KURSE_ID) VALUES (2 ,1 );
INSERT INTO TRAINER_KURS (TRAINER_ID, KURSE_ID) VALUES (2 ,2 );
INSERT INTO TRAINER_KURS (TRAINER_ID, KURSE_ID) VALUES (2 ,3 );
INSERT INTO TRAINER_KURS (TRAINER_ID, KURSE_ID) VALUES (3 ,4 );
INSERT INTO TRAINER_KURS (TRAINER_ID, KURSE_ID) VALUES (4 ,5 );
INSERT INTO TRAINER_KURS (TRAINER_ID, KURSE_ID) VALUES (5 ,6 );
INSERT INTO TRAINER_KURS (TRAINER_ID, KURSE_ID) VALUES (6 ,7 );
INSERT INTO TRAINER_KURS (TRAINER_ID, KURSE_ID) VALUES (7 ,8 );
INSERT INTO TRAINER_KURS (TRAINER_ID, KURSE_ID) VALUES (8 ,9 );
INSERT INTO TRAINER_KURS (TRAINER_ID, KURSE_ID) VALUES (9 ,10);
INSERT INTO TRAINER_KURS (TRAINER_ID, KURSE_ID) VALUES (10,11);
INSERT INTO TRAINER_KURS (TRAINER_ID, KURSE_ID) VALUES (11,12);

-- Create some Kurs_Mitglied entries
--Karate
INSERT INTO KURS_MITGLIED (KURSE_ID, MITGLIEDERANGEMELDET_ID) VALUES (1 ,9 );
INSERT INTO KURS_MITGLIED (KURSE_ID, MITGLIEDERANGEMELDET_ID) VALUES (1 ,11);
INSERT INTO KURS_MITGLIED (KURSE_ID, MITGLIEDERANGEMELDET_ID) VALUES (1 ,12);
INSERT INTO KURS_MITGLIED (KURSE_ID, MITGLIEDERANGEMELDET_ID) VALUES (1 ,15);
INSERT INTO KURS_MITGLIED (KURSE_ID, MITGLIEDERANGEMELDET_ID) VALUES (1 ,16);
INSERT INTO KURS_MITGLIED (KURSE_ID, MITGLIEDERANGEMELDET_ID) VALUES (1 ,20);
INSERT INTO KURS_MITGLIED (KURSE_ID, MITGLIEDERANGEMELDET_ID) VALUES (1 ,24);
INSERT INTO KURS_MITGLIED (KURSE_ID, MITGLIEDERANGEMELDET_ID) VALUES (1 ,26);
INSERT INTO KURS_MITGLIED (KURSE_ID, MITGLIEDERANGEMELDET_ID) VALUES (1 ,21);
INSERT INTO KURS_MITGLIED (KURSE_ID, MITGLIEDERANGEMELDET_ID) VALUES (1 ,28);
INSERT INTO KURS_MITGLIED (KURSE_ID, MITGLIEDERANGEMELDET_ID) VALUES (1 ,33);
INSERT INTO KURS_MITGLIED (KURSE_ID, MITGLIEDERANGEMELDET_ID) VALUES (1 ,45);
--Fußball
INSERT INTO KURS_MITGLIED (KURSE_ID, MITGLIEDERANGEMELDET_ID) VALUES (2 ,11);
INSERT INTO KURS_MITGLIED (KURSE_ID, MITGLIEDERANGEMELDET_ID) VALUES (2 ,17);
INSERT INTO KURS_MITGLIED (KURSE_ID, MITGLIEDERANGEMELDET_ID) VALUES (2 ,20);
INSERT INTO KURS_MITGLIED (KURSE_ID, MITGLIEDERANGEMELDET_ID) VALUES (2 ,22);
INSERT INTO KURS_MITGLIED (KURSE_ID, MITGLIEDERANGEMELDET_ID) VALUES (2 ,23);
INSERT INTO KURS_MITGLIED (KURSE_ID, MITGLIEDERANGEMELDET_ID) VALUES (2 ,38);
INSERT INTO KURS_MITGLIED (KURSE_ID, MITGLIEDERANGEMELDET_ID) VALUES (2 ,39);
INSERT INTO KURS_MITGLIED (KURSE_ID, MITGLIEDERANGEMELDET_ID) VALUES (2 ,41);
INSERT INTO KURS_MITGLIED (KURSE_ID, MITGLIEDERANGEMELDET_ID) VALUES (2 ,44);
INSERT INTO KURS_MITGLIED (KURSE_ID, MITGLIEDERANGEMELDET_ID) VALUES (2 ,33);
INSERT INTO KURS_MITGLIED (KURSE_ID, MITGLIEDERANGEMELDET_ID) VALUES (2 ,45);
INSERT INTO KURS_MITGLIED (KURSE_ID, MITGLIEDERANGEMELDET_ID) VALUES (2 ,46);
--Handball
INSERT INTO KURS_MITGLIED (KURSE_ID, MITGLIEDERANGEMELDET_ID) VALUES (3 ,8 );
INSERT INTO KURS_MITGLIED (KURSE_ID, MITGLIEDERANGEMELDET_ID) VALUES (3 ,19);
INSERT INTO KURS_MITGLIED (KURSE_ID, MITGLIEDERANGEMELDET_ID) VALUES (3 ,21);
INSERT INTO KURS_MITGLIED (KURSE_ID, MITGLIEDERANGEMELDET_ID) VALUES (3 ,41);
INSERT INTO KURS_MITGLIED (KURSE_ID, MITGLIEDERANGEMELDET_ID) VALUES (3 ,25);
INSERT INTO KURS_MITGLIED (KURSE_ID, MITGLIEDERANGEMELDET_ID) VALUES (3 ,29);
INSERT INTO KURS_MITGLIED (KURSE_ID, MITGLIEDERANGEMELDET_ID) VALUES (3 ,31);
INSERT INTO KURS_MITGLIED (KURSE_ID, MITGLIEDERANGEMELDET_ID) VALUES (3 ,34);
INSERT INTO KURS_MITGLIED (KURSE_ID, MITGLIEDERANGEMELDET_ID) VALUES (3 ,35);
INSERT INTO KURS_MITGLIED (KURSE_ID, MITGLIEDERANGEMELDET_ID) VALUES (3 ,42);
INSERT INTO KURS_MITGLIED (KURSE_ID, MITGLIEDERANGEMELDET_ID) VALUES (3 ,43);
INSERT INTO KURS_MITGLIED (KURSE_ID, MITGLIEDERANGEMELDET_ID) VALUES (3 ,44);
--Tennis
INSERT INTO KURS_MITGLIED (KURSE_ID, MITGLIEDERANGEMELDET_ID) VALUES (4 , 1);
INSERT INTO KURS_MITGLIED (KURSE_ID, MITGLIEDERANGEMELDET_ID) VALUES (4 , 2);
INSERT INTO KURS_MITGLIED (KURSE_ID, MITGLIEDERANGEMELDET_ID) VALUES (4 , 3);
INSERT INTO KURS_MITGLIED (KURSE_ID, MITGLIEDERANGEMELDET_ID) VALUES (4 , 5);
INSERT INTO KURS_MITGLIED (KURSE_ID, MITGLIEDERANGEMELDET_ID) VALUES (4 , 6);
INSERT INTO KURS_MITGLIED (KURSE_ID, MITGLIEDERANGEMELDET_ID) VALUES (4 , 9);
INSERT INTO KURS_MITGLIED (KURSE_ID, MITGLIEDERANGEMELDET_ID) VALUES (4 ,13);
INSERT INTO KURS_MITGLIED (KURSE_ID, MITGLIEDERANGEMELDET_ID) VALUES (4 ,24);
INSERT INTO KURS_MITGLIED (KURSE_ID, MITGLIEDERANGEMELDET_ID) VALUES (4 ,25);
INSERT INTO KURS_MITGLIED (KURSE_ID, MITGLIEDERANGEMELDET_ID) VALUES (4 ,26);
INSERT INTO KURS_MITGLIED (KURSE_ID, MITGLIEDERANGEMELDET_ID) VALUES (4 ,27);
INSERT INTO KURS_MITGLIED (KURSE_ID, MITGLIEDERANGEMELDET_ID) VALUES (4 ,28);
--Tischtennis
INSERT INTO KURS_MITGLIED (KURSE_ID, MITGLIEDERANGEMELDET_ID) VALUES (5 , 5);
INSERT INTO KURS_MITGLIED (KURSE_ID, MITGLIEDERANGEMELDET_ID) VALUES (5 , 7);
INSERT INTO KURS_MITGLIED (KURSE_ID, MITGLIEDERANGEMELDET_ID) VALUES (5 ,13);
INSERT INTO KURS_MITGLIED (KURSE_ID, MITGLIEDERANGEMELDET_ID) VALUES (5 ,19);
INSERT INTO KURS_MITGLIED (KURSE_ID, MITGLIEDERANGEMELDET_ID) VALUES (5 ,21);
INSERT INTO KURS_MITGLIED (KURSE_ID, MITGLIEDERANGEMELDET_ID) VALUES (5 ,35);
INSERT INTO KURS_MITGLIED (KURSE_ID, MITGLIEDERANGEMELDET_ID) VALUES (5 ,36);
INSERT INTO KURS_MITGLIED (KURSE_ID, MITGLIEDERANGEMELDET_ID) VALUES (5 ,39);
INSERT INTO KURS_MITGLIED (KURSE_ID, MITGLIEDERANGEMELDET_ID) VALUES (5 ,41);
INSERT INTO KURS_MITGLIED (KURSE_ID, MITGLIEDERANGEMELDET_ID) VALUES (5 ,26);
INSERT INTO KURS_MITGLIED (KURSE_ID, MITGLIEDERANGEMELDET_ID) VALUES (5 ,42);
INSERT INTO KURS_MITGLIED (KURSE_ID, MITGLIEDERANGEMELDET_ID) VALUES (5 ,43);
--Basketball
INSERT INTO KURS_MITGLIED (KURSE_ID, MITGLIEDERANGEMELDET_ID) VALUES (6 , 2);
INSERT INTO KURS_MITGLIED (KURSE_ID, MITGLIEDERANGEMELDET_ID) VALUES (6 , 4);
INSERT INTO KURS_MITGLIED (KURSE_ID, MITGLIEDERANGEMELDET_ID) VALUES (6 ,14);
INSERT INTO KURS_MITGLIED (KURSE_ID, MITGLIEDERANGEMELDET_ID) VALUES (6 ,27);
INSERT INTO KURS_MITGLIED (KURSE_ID, MITGLIEDERANGEMELDET_ID) VALUES (6 ,32);
INSERT INTO KURS_MITGLIED (KURSE_ID, MITGLIEDERANGEMELDET_ID) VALUES (6 ,37);
INSERT INTO KURS_MITGLIED (KURSE_ID, MITGLIEDERANGEMELDET_ID) VALUES (6 ,40);
INSERT INTO KURS_MITGLIED (KURSE_ID, MITGLIEDERANGEMELDET_ID) VALUES (6 ,42);
INSERT INTO KURS_MITGLIED (KURSE_ID, MITGLIEDERANGEMELDET_ID) VALUES (6 ,47);
INSERT INTO KURS_MITGLIED (KURSE_ID, MITGLIEDERANGEMELDET_ID) VALUES (6 ,48);
INSERT INTO KURS_MITGLIED (KURSE_ID, MITGLIEDERANGEMELDET_ID) VALUES (6 , 8);
INSERT INTO KURS_MITGLIED (KURSE_ID, MITGLIEDERANGEMELDET_ID) VALUES (6 , 3);
--Bogenschießen
INSERT INTO KURS_MITGLIED (KURSE_ID, MITGLIEDERANGEMELDET_ID) VALUES (7 , 4);
INSERT INTO KURS_MITGLIED (KURSE_ID, MITGLIEDERANGEMELDET_ID) VALUES (7 , 8);
INSERT INTO KURS_MITGLIED (KURSE_ID, MITGLIEDERANGEMELDET_ID) VALUES (7 ,48);
INSERT INTO KURS_MITGLIED (KURSE_ID, MITGLIEDERANGEMELDET_ID) VALUES (7 , 9);
INSERT INTO KURS_MITGLIED (KURSE_ID, MITGLIEDERANGEMELDET_ID) VALUES (7 ,13);
INSERT INTO KURS_MITGLIED (KURSE_ID, MITGLIEDERANGEMELDET_ID) VALUES (7 ,15);
INSERT INTO KURS_MITGLIED (KURSE_ID, MITGLIEDERANGEMELDET_ID) VALUES (7 ,16);
INSERT INTO KURS_MITGLIED (KURSE_ID, MITGLIEDERANGEMELDET_ID) VALUES (7 ,18);
INSERT INTO KURS_MITGLIED (KURSE_ID, MITGLIEDERANGEMELDET_ID) VALUES (7 ,23);
INSERT INTO KURS_MITGLIED (KURSE_ID, MITGLIEDERANGEMELDET_ID) VALUES (7 ,24);
INSERT INTO KURS_MITGLIED (KURSE_ID, MITGLIEDERANGEMELDET_ID) VALUES (7 ,29);
INSERT INTO KURS_MITGLIED (KURSE_ID, MITGLIEDERANGEMELDET_ID) VALUES (7 ,30);
--Bowling
INSERT INTO KURS_MITGLIED (KURSE_ID, MITGLIEDERANGEMELDET_ID) VALUES (8 , 5);
INSERT INTO KURS_MITGLIED (KURSE_ID, MITGLIEDERANGEMELDET_ID) VALUES (8 , 6);
INSERT INTO KURS_MITGLIED (KURSE_ID, MITGLIEDERANGEMELDET_ID) VALUES (8 ,10);
INSERT INTO KURS_MITGLIED (KURSE_ID, MITGLIEDERANGEMELDET_ID) VALUES (8 ,17);
INSERT INTO KURS_MITGLIED (KURSE_ID, MITGLIEDERANGEMELDET_ID) VALUES (8 ,23);
INSERT INTO KURS_MITGLIED (KURSE_ID, MITGLIEDERANGEMELDET_ID) VALUES (8 ,35);
INSERT INTO KURS_MITGLIED (KURSE_ID, MITGLIEDERANGEMELDET_ID) VALUES (8 ,37);
INSERT INTO KURS_MITGLIED (KURSE_ID, MITGLIEDERANGEMELDET_ID) VALUES (8 ,38);
INSERT INTO KURS_MITGLIED (KURSE_ID, MITGLIEDERANGEMELDET_ID) VALUES (8 ,39);
INSERT INTO KURS_MITGLIED (KURSE_ID, MITGLIEDERANGEMELDET_ID) VALUES (8 ,40);
INSERT INTO KURS_MITGLIED (KURSE_ID, MITGLIEDERANGEMELDET_ID) VALUES (8 ,48);
INSERT INTO KURS_MITGLIED (KURSE_ID, MITGLIEDERANGEMELDET_ID) VALUES (8 ,45);
--Eishockey
INSERT INTO KURS_MITGLIED (KURSE_ID, MITGLIEDERANGEMELDET_ID) VALUES (9 , 1);
INSERT INTO KURS_MITGLIED (KURSE_ID, MITGLIEDERANGEMELDET_ID) VALUES (9 ,46);
INSERT INTO KURS_MITGLIED (KURSE_ID, MITGLIEDERANGEMELDET_ID) VALUES (9 , 2);
INSERT INTO KURS_MITGLIED (KURSE_ID, MITGLIEDERANGEMELDET_ID) VALUES (9 , 4);
INSERT INTO KURS_MITGLIED (KURSE_ID, MITGLIEDERANGEMELDET_ID) VALUES (9 ,11);
INSERT INTO KURS_MITGLIED (KURSE_ID, MITGLIEDERANGEMELDET_ID) VALUES (9 ,14);
INSERT INTO KURS_MITGLIED (KURSE_ID, MITGLIEDERANGEMELDET_ID) VALUES (9 ,16);
INSERT INTO KURS_MITGLIED (KURSE_ID, MITGLIEDERANGEMELDET_ID) VALUES (9 ,47);
INSERT INTO KURS_MITGLIED (KURSE_ID, MITGLIEDERANGEMELDET_ID) VALUES (9 ,18);
INSERT INTO KURS_MITGLIED (KURSE_ID, MITGLIEDERANGEMELDET_ID) VALUES (9 ,30);
INSERT INTO KURS_MITGLIED (KURSE_ID, MITGLIEDERANGEMELDET_ID) VALUES (9 ,32);
INSERT INTO KURS_MITGLIED (KURSE_ID, MITGLIEDERANGEMELDET_ID) VALUES (9 ,34);
--Federball
INSERT INTO KURS_MITGLIED (KURSE_ID, MITGLIEDERANGEMELDET_ID) VALUES (10, 6);
INSERT INTO KURS_MITGLIED (KURSE_ID, MITGLIEDERANGEMELDET_ID) VALUES (10, 7);
INSERT INTO KURS_MITGLIED (KURSE_ID, MITGLIEDERANGEMELDET_ID) VALUES (10,20);
INSERT INTO KURS_MITGLIED (KURSE_ID, MITGLIEDERANGEMELDET_ID) VALUES (10,27);
INSERT INTO KURS_MITGLIED (KURSE_ID, MITGLIEDERANGEMELDET_ID) VALUES (10,29);
INSERT INTO KURS_MITGLIED (KURSE_ID, MITGLIEDERANGEMELDET_ID) VALUES (10,30);
INSERT INTO KURS_MITGLIED (KURSE_ID, MITGLIEDERANGEMELDET_ID) VALUES (10,32);
INSERT INTO KURS_MITGLIED (KURSE_ID, MITGLIEDERANGEMELDET_ID) VALUES (10,36);
INSERT INTO KURS_MITGLIED (KURSE_ID, MITGLIEDERANGEMELDET_ID) VALUES (10,46);
INSERT INTO KURS_MITGLIED (KURSE_ID, MITGLIEDERANGEMELDET_ID) VALUES (10, 1);
INSERT INTO KURS_MITGLIED (KURSE_ID, MITGLIEDERANGEMELDET_ID) VALUES (10,47);
INSERT INTO KURS_MITGLIED (KURSE_ID, MITGLIEDERANGEMELDET_ID) VALUES (10,18);
--Golf
INSERT INTO KURS_MITGLIED (KURSE_ID, MITGLIEDERANGEMELDET_ID) VALUES (11,10);
INSERT INTO KURS_MITGLIED (KURSE_ID, MITGLIEDERANGEMELDET_ID) VALUES (11,12);
INSERT INTO KURS_MITGLIED (KURSE_ID, MITGLIEDERANGEMELDET_ID) VALUES (11,17);
INSERT INTO KURS_MITGLIED (KURSE_ID, MITGLIEDERANGEMELDET_ID) VALUES (11,19);
INSERT INTO KURS_MITGLIED (KURSE_ID, MITGLIEDERANGEMELDET_ID) VALUES (11,22);
INSERT INTO KURS_MITGLIED (KURSE_ID, MITGLIEDERANGEMELDET_ID) VALUES (11,25);
INSERT INTO KURS_MITGLIED (KURSE_ID, MITGLIEDERANGEMELDET_ID) VALUES (11,31);
INSERT INTO KURS_MITGLIED (KURSE_ID, MITGLIEDERANGEMELDET_ID) VALUES (11,38);
INSERT INTO KURS_MITGLIED (KURSE_ID, MITGLIEDERANGEMELDET_ID) VALUES (11,33);
INSERT INTO KURS_MITGLIED (KURSE_ID, MITGLIEDERANGEMELDET_ID) VALUES (11,34);
INSERT INTO KURS_MITGLIED (KURSE_ID, MITGLIEDERANGEMELDET_ID) VALUES (11,43);
INSERT INTO KURS_MITGLIED (KURSE_ID, MITGLIEDERANGEMELDET_ID) VALUES (11,44);
--Yoga
INSERT INTO KURS_MITGLIED (KURSE_ID, MITGLIEDERANGEMELDET_ID) VALUES (12, 3);
INSERT INTO KURS_MITGLIED (KURSE_ID, MITGLIEDERANGEMELDET_ID) VALUES (12,40);
INSERT INTO KURS_MITGLIED (KURSE_ID, MITGLIEDERANGEMELDET_ID) VALUES (12, 7);
INSERT INTO KURS_MITGLIED (KURSE_ID, MITGLIEDERANGEMELDET_ID) VALUES (12,12);
INSERT INTO KURS_MITGLIED (KURSE_ID, MITGLIEDERANGEMELDET_ID) VALUES (12,10);
INSERT INTO KURS_MITGLIED (KURSE_ID, MITGLIEDERANGEMELDET_ID) VALUES (12,14);
INSERT INTO KURS_MITGLIED (KURSE_ID, MITGLIEDERANGEMELDET_ID) VALUES (12,15);
INSERT INTO KURS_MITGLIED (KURSE_ID, MITGLIEDERANGEMELDET_ID) VALUES (12,22);
INSERT INTO KURS_MITGLIED (KURSE_ID, MITGLIEDERANGEMELDET_ID) VALUES (12,28);
INSERT INTO KURS_MITGLIED (KURSE_ID, MITGLIEDERANGEMELDET_ID) VALUES (12,36);
INSERT INTO KURS_MITGLIED (KURSE_ID, MITGLIEDERANGEMELDET_ID) VALUES (12,37);
INSERT INTO KURS_MITGLIED (KURSE_ID, MITGLIEDERANGEMELDET_ID) VALUES (12,31);

-- Create some Kurs_Termin entries
--Karate
INSERT INTO KURS_TERMIN (KURS_ID, TERMINE_ID) VALUES (1 ,1  );
INSERT INTO KURS_TERMIN (KURS_ID, TERMINE_ID) VALUES (1 ,2  );
INSERT INTO KURS_TERMIN (KURS_ID, TERMINE_ID) VALUES (1 ,3  );
INSERT INTO KURS_TERMIN (KURS_ID, TERMINE_ID) VALUES (1 ,4  );
INSERT INTO KURS_TERMIN (KURS_ID, TERMINE_ID) VALUES (1 ,5  );
INSERT INTO KURS_TERMIN (KURS_ID, TERMINE_ID) VALUES (1 ,6  );
INSERT INTO KURS_TERMIN (KURS_ID, TERMINE_ID) VALUES (1 ,7  );
INSERT INTO KURS_TERMIN (KURS_ID, TERMINE_ID) VALUES (1 ,8  );
INSERT INTO KURS_TERMIN (KURS_ID, TERMINE_ID) VALUES (1 ,9  );
INSERT INTO KURS_TERMIN (KURS_ID, TERMINE_ID) VALUES (1 ,10 );
--Fußball
INSERT INTO KURS_TERMIN (KURS_ID, TERMINE_ID) VALUES (2 ,11 );
INSERT INTO KURS_TERMIN (KURS_ID, TERMINE_ID) VALUES (2 ,12 );
INSERT INTO KURS_TERMIN (KURS_ID, TERMINE_ID) VALUES (2 ,13 );
INSERT INTO KURS_TERMIN (KURS_ID, TERMINE_ID) VALUES (2 ,14 );
INSERT INTO KURS_TERMIN (KURS_ID, TERMINE_ID) VALUES (2 ,15 );
INSERT INTO KURS_TERMIN (KURS_ID, TERMINE_ID) VALUES (2 ,16 );
INSERT INTO KURS_TERMIN (KURS_ID, TERMINE_ID) VALUES (2 ,17 );
INSERT INTO KURS_TERMIN (KURS_ID, TERMINE_ID) VALUES (2 ,18 );
INSERT INTO KURS_TERMIN (KURS_ID, TERMINE_ID) VALUES (2 ,19 );
INSERT INTO KURS_TERMIN (KURS_ID, TERMINE_ID) VALUES (2 ,20 );
--Handball
INSERT INTO KURS_TERMIN (KURS_ID, TERMINE_ID) VALUES (3 ,21 );
INSERT INTO KURS_TERMIN (KURS_ID, TERMINE_ID) VALUES (3 ,22 );
INSERT INTO KURS_TERMIN (KURS_ID, TERMINE_ID) VALUES (3 ,23 );
INSERT INTO KURS_TERMIN (KURS_ID, TERMINE_ID) VALUES (3 ,24 );
INSERT INTO KURS_TERMIN (KURS_ID, TERMINE_ID) VALUES (3 ,25 );
INSERT INTO KURS_TERMIN (KURS_ID, TERMINE_ID) VALUES (3 ,26 );
INSERT INTO KURS_TERMIN (KURS_ID, TERMINE_ID) VALUES (3 ,27 );
INSERT INTO KURS_TERMIN (KURS_ID, TERMINE_ID) VALUES (3 ,28 );
INSERT INTO KURS_TERMIN (KURS_ID, TERMINE_ID) VALUES (3 ,29 );
INSERT INTO KURS_TERMIN (KURS_ID, TERMINE_ID) VALUES (3 ,30 );
--Tennis
INSERT INTO KURS_TERMIN (KURS_ID, TERMINE_ID) VALUES (4 ,31 );
INSERT INTO KURS_TERMIN (KURS_ID, TERMINE_ID) VALUES (4 ,32 );
INSERT INTO KURS_TERMIN (KURS_ID, TERMINE_ID) VALUES (4 ,33 );
INSERT INTO KURS_TERMIN (KURS_ID, TERMINE_ID) VALUES (4 ,34 );
INSERT INTO KURS_TERMIN (KURS_ID, TERMINE_ID) VALUES (4 ,35 );
INSERT INTO KURS_TERMIN (KURS_ID, TERMINE_ID) VALUES (4 ,36 );
INSERT INTO KURS_TERMIN (KURS_ID, TERMINE_ID) VALUES (4 ,37 );
INSERT INTO KURS_TERMIN (KURS_ID, TERMINE_ID) VALUES (4 ,38 );
INSERT INTO KURS_TERMIN (KURS_ID, TERMINE_ID) VALUES (4 ,39 );
INSERT INTO KURS_TERMIN (KURS_ID, TERMINE_ID) VALUES (4 ,40 );
--Tischtennis
INSERT INTO KURS_TERMIN (KURS_ID, TERMINE_ID) VALUES (5 ,41 );
INSERT INTO KURS_TERMIN (KURS_ID, TERMINE_ID) VALUES (5 ,42 );
INSERT INTO KURS_TERMIN (KURS_ID, TERMINE_ID) VALUES (5 ,43 );
INSERT INTO KURS_TERMIN (KURS_ID, TERMINE_ID) VALUES (5 ,44 );
INSERT INTO KURS_TERMIN (KURS_ID, TERMINE_ID) VALUES (5 ,45 );
INSERT INTO KURS_TERMIN (KURS_ID, TERMINE_ID) VALUES (5 ,46 );
INSERT INTO KURS_TERMIN (KURS_ID, TERMINE_ID) VALUES (5 ,47 );
INSERT INTO KURS_TERMIN (KURS_ID, TERMINE_ID) VALUES (5 ,48 );
INSERT INTO KURS_TERMIN (KURS_ID, TERMINE_ID) VALUES (5 ,49 );
INSERT INTO KURS_TERMIN (KURS_ID, TERMINE_ID) VALUES (5 ,50 );
--Basketball
INSERT INTO KURS_TERMIN (KURS_ID, TERMINE_ID) VALUES (6 ,51 );
INSERT INTO KURS_TERMIN (KURS_ID, TERMINE_ID) VALUES (6 ,52 );
INSERT INTO KURS_TERMIN (KURS_ID, TERMINE_ID) VALUES (6 ,53 );
INSERT INTO KURS_TERMIN (KURS_ID, TERMINE_ID) VALUES (6 ,54 );
INSERT INTO KURS_TERMIN (KURS_ID, TERMINE_ID) VALUES (6 ,55 );
INSERT INTO KURS_TERMIN (KURS_ID, TERMINE_ID) VALUES (6 ,56 );
INSERT INTO KURS_TERMIN (KURS_ID, TERMINE_ID) VALUES (6 ,57 );
INSERT INTO KURS_TERMIN (KURS_ID, TERMINE_ID) VALUES (6 ,58 );
INSERT INTO KURS_TERMIN (KURS_ID, TERMINE_ID) VALUES (6 ,59 );
INSERT INTO KURS_TERMIN (KURS_ID, TERMINE_ID) VALUES (6 ,60 );
--Bogenschießen
INSERT INTO KURS_TERMIN (KURS_ID, TERMINE_ID) VALUES (7 ,61 );
INSERT INTO KURS_TERMIN (KURS_ID, TERMINE_ID) VALUES (7 ,62 );
INSERT INTO KURS_TERMIN (KURS_ID, TERMINE_ID) VALUES (7 ,63 );
INSERT INTO KURS_TERMIN (KURS_ID, TERMINE_ID) VALUES (7 ,64 );
INSERT INTO KURS_TERMIN (KURS_ID, TERMINE_ID) VALUES (7 ,65 );
INSERT INTO KURS_TERMIN (KURS_ID, TERMINE_ID) VALUES (7 ,66 );
INSERT INTO KURS_TERMIN (KURS_ID, TERMINE_ID) VALUES (7 ,67 );
INSERT INTO KURS_TERMIN (KURS_ID, TERMINE_ID) VALUES (7 ,68 );
INSERT INTO KURS_TERMIN (KURS_ID, TERMINE_ID) VALUES (7 ,69 );
INSERT INTO KURS_TERMIN (KURS_ID, TERMINE_ID) VALUES (7 ,70 );
--Bowling
INSERT INTO KURS_TERMIN (KURS_ID, TERMINE_ID) VALUES (8 ,71 );
INSERT INTO KURS_TERMIN (KURS_ID, TERMINE_ID) VALUES (8 ,72 );
INSERT INTO KURS_TERMIN (KURS_ID, TERMINE_ID) VALUES (8 ,73 );
INSERT INTO KURS_TERMIN (KURS_ID, TERMINE_ID) VALUES (8 ,74 );
INSERT INTO KURS_TERMIN (KURS_ID, TERMINE_ID) VALUES (8 ,75 );
INSERT INTO KURS_TERMIN (KURS_ID, TERMINE_ID) VALUES (8 ,76 );
INSERT INTO KURS_TERMIN (KURS_ID, TERMINE_ID) VALUES (8 ,77 );
INSERT INTO KURS_TERMIN (KURS_ID, TERMINE_ID) VALUES (8 ,78 );
INSERT INTO KURS_TERMIN (KURS_ID, TERMINE_ID) VALUES (8 ,79 );
INSERT INTO KURS_TERMIN (KURS_ID, TERMINE_ID) VALUES (8 ,80 );
--Eishockey
INSERT INTO KURS_TERMIN (KURS_ID, TERMINE_ID) VALUES (9 ,81 );
INSERT INTO KURS_TERMIN (KURS_ID, TERMINE_ID) VALUES (9 ,82 );
INSERT INTO KURS_TERMIN (KURS_ID, TERMINE_ID) VALUES (9 ,83 );
INSERT INTO KURS_TERMIN (KURS_ID, TERMINE_ID) VALUES (9 ,84 );
INSERT INTO KURS_TERMIN (KURS_ID, TERMINE_ID) VALUES (9 ,85 );
INSERT INTO KURS_TERMIN (KURS_ID, TERMINE_ID) VALUES (9 ,86 );
INSERT INTO KURS_TERMIN (KURS_ID, TERMINE_ID) VALUES (9 ,87 );
INSERT INTO KURS_TERMIN (KURS_ID, TERMINE_ID) VALUES (9 ,88 );
INSERT INTO KURS_TERMIN (KURS_ID, TERMINE_ID) VALUES (9 ,89 );
INSERT INTO KURS_TERMIN (KURS_ID, TERMINE_ID) VALUES (9 ,90 );
--Federball
INSERT INTO KURS_TERMIN (KURS_ID, TERMINE_ID) VALUES (10,91 );
INSERT INTO KURS_TERMIN (KURS_ID, TERMINE_ID) VALUES (10,92 );
INSERT INTO KURS_TERMIN (KURS_ID, TERMINE_ID) VALUES (10,93 );
INSERT INTO KURS_TERMIN (KURS_ID, TERMINE_ID) VALUES (10,94 );
INSERT INTO KURS_TERMIN (KURS_ID, TERMINE_ID) VALUES (10,95 );
INSERT INTO KURS_TERMIN (KURS_ID, TERMINE_ID) VALUES (10,96 );
INSERT INTO KURS_TERMIN (KURS_ID, TERMINE_ID) VALUES (10,97 );
INSERT INTO KURS_TERMIN (KURS_ID, TERMINE_ID) VALUES (10,98 );
INSERT INTO KURS_TERMIN (KURS_ID, TERMINE_ID) VALUES (10,99 );
INSERT INTO KURS_TERMIN (KURS_ID, TERMINE_ID) VALUES (10,100);
--Golf
INSERT INTO KURS_TERMIN (KURS_ID, TERMINE_ID) VALUES (11,101);
INSERT INTO KURS_TERMIN (KURS_ID, TERMINE_ID) VALUES (11,102);
INSERT INTO KURS_TERMIN (KURS_ID, TERMINE_ID) VALUES (11,103);
INSERT INTO KURS_TERMIN (KURS_ID, TERMINE_ID) VALUES (11,104);
INSERT INTO KURS_TERMIN (KURS_ID, TERMINE_ID) VALUES (11,105);
INSERT INTO KURS_TERMIN (KURS_ID, TERMINE_ID) VALUES (11,106);
INSERT INTO KURS_TERMIN (KURS_ID, TERMINE_ID) VALUES (11,107);
INSERT INTO KURS_TERMIN (KURS_ID, TERMINE_ID) VALUES (11,108);
INSERT INTO KURS_TERMIN (KURS_ID, TERMINE_ID) VALUES (11,109);
INSERT INTO KURS_TERMIN (KURS_ID, TERMINE_ID) VALUES (11,110);
--Yoga
INSERT INTO KURS_TERMIN (KURS_ID, TERMINE_ID) VALUES (12,111);
INSERT INTO KURS_TERMIN (KURS_ID, TERMINE_ID) VALUES (12,112);
INSERT INTO KURS_TERMIN (KURS_ID, TERMINE_ID) VALUES (12,113);
INSERT INTO KURS_TERMIN (KURS_ID, TERMINE_ID) VALUES (12,114);
INSERT INTO KURS_TERMIN (KURS_ID, TERMINE_ID) VALUES (12,115);
INSERT INTO KURS_TERMIN (KURS_ID, TERMINE_ID) VALUES (12,116);
INSERT INTO KURS_TERMIN (KURS_ID, TERMINE_ID) VALUES (12,117);
INSERT INTO KURS_TERMIN (KURS_ID, TERMINE_ID) VALUES (12,118);
INSERT INTO KURS_TERMIN (KURS_ID, TERMINE_ID) VALUES (12,119);
INSERT INTO KURS_TERMIN (KURS_ID, TERMINE_ID) VALUES (12,120);

-- Create some Termin_Mitglied entries
--Karate -> Mitglieder angemeldet(id´s) : 9 11 12 15 16 20 24 26 21 28 33 45
INSERT INTO TERMIN_MITGLIED (TERMINE_ID, MITGLIEDERANWESEND_ID) VALUES (1 , 12);
INSERT INTO TERMIN_MITGLIED (TERMINE_ID, MITGLIEDERANWESEND_ID) VALUES (1 , 15);
INSERT INTO TERMIN_MITGLIED (TERMINE_ID, MITGLIEDERANWESEND_ID) VALUES (1 , 16);
INSERT INTO TERMIN_MITGLIED (TERMINE_ID, MITGLIEDERANWESEND_ID) VALUES (1 , 24);
INSERT INTO TERMIN_MITGLIED (TERMINE_ID, MITGLIEDERANWESEND_ID) VALUES (1 , 26);
INSERT INTO TERMIN_MITGLIED (TERMINE_ID, MITGLIEDERANWESEND_ID) VALUES (1 , 21);
INSERT INTO TERMIN_MITGLIED (TERMINE_ID, MITGLIEDERANWESEND_ID) VALUES (1 , 45);
INSERT INTO TERMIN_MITGLIED (TERMINE_ID, MITGLIEDERANWESEND_ID) VALUES (2 , 9 );
INSERT INTO TERMIN_MITGLIED (TERMINE_ID, MITGLIEDERANWESEND_ID) VALUES (2 , 11);
INSERT INTO TERMIN_MITGLIED (TERMINE_ID, MITGLIEDERANWESEND_ID) VALUES (2 , 15);
INSERT INTO TERMIN_MITGLIED (TERMINE_ID, MITGLIEDERANWESEND_ID) VALUES (2 , 24);
INSERT INTO TERMIN_MITGLIED (TERMINE_ID, MITGLIEDERANWESEND_ID) VALUES (2 , 26);
INSERT INTO TERMIN_MITGLIED (TERMINE_ID, MITGLIEDERANWESEND_ID) VALUES (2 , 21);
INSERT INTO TERMIN_MITGLIED (TERMINE_ID, MITGLIEDERANWESEND_ID) VALUES (2 , 28);
INSERT INTO TERMIN_MITGLIED (TERMINE_ID, MITGLIEDERANWESEND_ID) VALUES (3 , 9 );
INSERT INTO TERMIN_MITGLIED (TERMINE_ID, MITGLIEDERANWESEND_ID) VALUES (3 , 11);
INSERT INTO TERMIN_MITGLIED (TERMINE_ID, MITGLIEDERANWESEND_ID) VALUES (3 , 12);
INSERT INTO TERMIN_MITGLIED (TERMINE_ID, MITGLIEDERANWESEND_ID) VALUES (3 , 15);
INSERT INTO TERMIN_MITGLIED (TERMINE_ID, MITGLIEDERANWESEND_ID) VALUES (3 , 16);
INSERT INTO TERMIN_MITGLIED (TERMINE_ID, MITGLIEDERANWESEND_ID) VALUES (3 , 20);
INSERT INTO TERMIN_MITGLIED (TERMINE_ID, MITGLIEDERANWESEND_ID) VALUES (3 , 24);
INSERT INTO TERMIN_MITGLIED (TERMINE_ID, MITGLIEDERANWESEND_ID) VALUES (3 , 21);
INSERT INTO TERMIN_MITGLIED (TERMINE_ID, MITGLIEDERANWESEND_ID) VALUES (3 , 28);
INSERT INTO TERMIN_MITGLIED (TERMINE_ID, MITGLIEDERANWESEND_ID) VALUES (3 , 45);
INSERT INTO TERMIN_MITGLIED (TERMINE_ID, MITGLIEDERANWESEND_ID) VALUES (4 , 9 );
INSERT INTO TERMIN_MITGLIED (TERMINE_ID, MITGLIEDERANWESEND_ID) VALUES (4 , 12);
INSERT INTO TERMIN_MITGLIED (TERMINE_ID, MITGLIEDERANWESEND_ID) VALUES (4 , 16);
INSERT INTO TERMIN_MITGLIED (TERMINE_ID, MITGLIEDERANWESEND_ID) VALUES (4 , 24);
INSERT INTO TERMIN_MITGLIED (TERMINE_ID, MITGLIEDERANWESEND_ID) VALUES (4 , 26);
INSERT INTO TERMIN_MITGLIED (TERMINE_ID, MITGLIEDERANWESEND_ID) VALUES (4 , 21);
INSERT INTO TERMIN_MITGLIED (TERMINE_ID, MITGLIEDERANWESEND_ID) VALUES (4 , 28);
INSERT INTO TERMIN_MITGLIED (TERMINE_ID, MITGLIEDERANWESEND_ID) VALUES (4 , 45);
INSERT INTO TERMIN_MITGLIED (TERMINE_ID, MITGLIEDERANWESEND_ID) VALUES (5 , 11);
INSERT INTO TERMIN_MITGLIED (TERMINE_ID, MITGLIEDERANWESEND_ID) VALUES (5 , 12);
INSERT INTO TERMIN_MITGLIED (TERMINE_ID, MITGLIEDERANWESEND_ID) VALUES (5 , 15);
INSERT INTO TERMIN_MITGLIED (TERMINE_ID, MITGLIEDERANWESEND_ID) VALUES (5 , 16);
INSERT INTO TERMIN_MITGLIED (TERMINE_ID, MITGLIEDERANWESEND_ID) VALUES (5 , 20);
INSERT INTO TERMIN_MITGLIED (TERMINE_ID, MITGLIEDERANWESEND_ID) VALUES (5 , 24);
INSERT INTO TERMIN_MITGLIED (TERMINE_ID, MITGLIEDERANWESEND_ID) VALUES (5 , 26);
INSERT INTO TERMIN_MITGLIED (TERMINE_ID, MITGLIEDERANWESEND_ID) VALUES (5 , 21);
INSERT INTO TERMIN_MITGLIED (TERMINE_ID, MITGLIEDERANWESEND_ID) VALUES (5 , 28);
INSERT INTO TERMIN_MITGLIED (TERMINE_ID, MITGLIEDERANWESEND_ID) VALUES (5 , 33);
INSERT INTO TERMIN_MITGLIED (TERMINE_ID, MITGLIEDERANWESEND_ID) VALUES (5 , 45);
INSERT INTO TERMIN_MITGLIED (TERMINE_ID, MITGLIEDERANWESEND_ID) VALUES (6 , 9 );
INSERT INTO TERMIN_MITGLIED (TERMINE_ID, MITGLIEDERANWESEND_ID) VALUES (6 , 12);
INSERT INTO TERMIN_MITGLIED (TERMINE_ID, MITGLIEDERANWESEND_ID) VALUES (6 , 15);
INSERT INTO TERMIN_MITGLIED (TERMINE_ID, MITGLIEDERANWESEND_ID) VALUES (6 , 16);
INSERT INTO TERMIN_MITGLIED (TERMINE_ID, MITGLIEDERANWESEND_ID) VALUES (6 , 20);
INSERT INTO TERMIN_MITGLIED (TERMINE_ID, MITGLIEDERANWESEND_ID) VALUES (6 , 24);
INSERT INTO TERMIN_MITGLIED (TERMINE_ID, MITGLIEDERANWESEND_ID) VALUES (6 , 26);
INSERT INTO TERMIN_MITGLIED (TERMINE_ID, MITGLIEDERANWESEND_ID) VALUES (6 , 21);
INSERT INTO TERMIN_MITGLIED (TERMINE_ID, MITGLIEDERANWESEND_ID) VALUES (6 , 33);
--Fußball -> Mitglieder angemeldet(Eid´s) :  11 17 20 22 23 38 39 41 44 33 45 46
INSERT INTO TERMIN_MITGLIED (TERMINE_ID, MITGLIEDERANWESEND_ID) VALUES (11, 17);
INSERT INTO TERMIN_MITGLIED (TERMINE_ID, MITGLIEDERANWESEND_ID) VALUES (11, 22);
INSERT INTO TERMIN_MITGLIED (TERMINE_ID, MITGLIEDERANWESEND_ID) VALUES (11, 23);
INSERT INTO TERMIN_MITGLIED (TERMINE_ID, MITGLIEDERANWESEND_ID) VALUES (11, 38);
INSERT INTO TERMIN_MITGLIED (TERMINE_ID, MITGLIEDERANWESEND_ID) VALUES (11, 39);
INSERT INTO TERMIN_MITGLIED (TERMINE_ID, MITGLIEDERANWESEND_ID) VALUES (11, 46);
INSERT INTO TERMIN_MITGLIED (TERMINE_ID, MITGLIEDERANWESEND_ID) VALUES (12, 11);
INSERT INTO TERMIN_MITGLIED (TERMINE_ID, MITGLIEDERANWESEND_ID) VALUES (12, 17);
INSERT INTO TERMIN_MITGLIED (TERMINE_ID, MITGLIEDERANWESEND_ID) VALUES (12, 20);
INSERT INTO TERMIN_MITGLIED (TERMINE_ID, MITGLIEDERANWESEND_ID) VALUES (12, 22);
INSERT INTO TERMIN_MITGLIED (TERMINE_ID, MITGLIEDERANWESEND_ID) VALUES (12, 23);
INSERT INTO TERMIN_MITGLIED (TERMINE_ID, MITGLIEDERANWESEND_ID) VALUES (12, 38);
INSERT INTO TERMIN_MITGLIED (TERMINE_ID, MITGLIEDERANWESEND_ID) VALUES (12, 39);
INSERT INTO TERMIN_MITGLIED (TERMINE_ID, MITGLIEDERANWESEND_ID) VALUES (12, 41);
INSERT INTO TERMIN_MITGLIED (TERMINE_ID, MITGLIEDERANWESEND_ID) VALUES (12, 44);
INSERT INTO TERMIN_MITGLIED (TERMINE_ID, MITGLIEDERANWESEND_ID) VALUES (12, 33);
INSERT INTO TERMIN_MITGLIED (TERMINE_ID, MITGLIEDERANWESEND_ID) VALUES (12, 45);
INSERT INTO TERMIN_MITGLIED (TERMINE_ID, MITGLIEDERANWESEND_ID) VALUES (12, 46);
INSERT INTO TERMIN_MITGLIED (TERMINE_ID, MITGLIEDERANWESEND_ID) VALUES (13, 17);
INSERT INTO TERMIN_MITGLIED (TERMINE_ID, MITGLIEDERANWESEND_ID) VALUES (13, 20);
INSERT INTO TERMIN_MITGLIED (TERMINE_ID, MITGLIEDERANWESEND_ID) VALUES (13, 23);
INSERT INTO TERMIN_MITGLIED (TERMINE_ID, MITGLIEDERANWESEND_ID) VALUES (13, 38);
INSERT INTO TERMIN_MITGLIED (TERMINE_ID, MITGLIEDERANWESEND_ID) VALUES (13, 39);
INSERT INTO TERMIN_MITGLIED (TERMINE_ID, MITGLIEDERANWESEND_ID) VALUES (13, 44);
INSERT INTO TERMIN_MITGLIED (TERMINE_ID, MITGLIEDERANWESEND_ID) VALUES (13, 45);
INSERT INTO TERMIN_MITGLIED (TERMINE_ID, MITGLIEDERANWESEND_ID) VALUES (13, 46);
--Handball -> Mitglieder angemeldetE(id´s) : 8 19 21 41 25 29 31 34 35 42 43 44
INSERT INTO TERMIN_MITGLIED (TERMINE_ID, MITGLIEDERANWESEND_ID) VALUES (21, 8 );
INSERT INTO TERMIN_MITGLIED (TERMINE_ID, MITGLIEDERANWESEND_ID) VALUES (21, 19);
INSERT INTO TERMIN_MITGLIED (TERMINE_ID, MITGLIEDERANWESEND_ID) VALUES (21, 21);
INSERT INTO TERMIN_MITGLIED (TERMINE_ID, MITGLIEDERANWESEND_ID) VALUES (21, 41);
INSERT INTO TERMIN_MITGLIED (TERMINE_ID, MITGLIEDERANWESEND_ID) VALUES (21, 25);
INSERT INTO TERMIN_MITGLIED (TERMINE_ID, MITGLIEDERANWESEND_ID) VALUES (21, 31);
INSERT INTO TERMIN_MITGLIED (TERMINE_ID, MITGLIEDERANWESEND_ID) VALUES (21, 34);
INSERT INTO TERMIN_MITGLIED (TERMINE_ID, MITGLIEDERANWESEND_ID) VALUES (21, 35);
INSERT INTO TERMIN_MITGLIED (TERMINE_ID, MITGLIEDERANWESEND_ID) VALUES (21, 42);
INSERT INTO TERMIN_MITGLIED (TERMINE_ID, MITGLIEDERANWESEND_ID) VALUES (21, 43);
INSERT INTO TERMIN_MITGLIED (TERMINE_ID, MITGLIEDERANWESEND_ID) VALUES (21, 44);
INSERT INTO TERMIN_MITGLIED (TERMINE_ID, MITGLIEDERANWESEND_ID) VALUES (22, 19);
INSERT INTO TERMIN_MITGLIED (TERMINE_ID, MITGLIEDERANWESEND_ID) VALUES (22, 21);
INSERT INTO TERMIN_MITGLIED (TERMINE_ID, MITGLIEDERANWESEND_ID) VALUES (22, 41);
INSERT INTO TERMIN_MITGLIED (TERMINE_ID, MITGLIEDERANWESEND_ID) VALUES (22, 25);
INSERT INTO TERMIN_MITGLIED (TERMINE_ID, MITGLIEDERANWESEND_ID) VALUES (22, 31);
INSERT INTO TERMIN_MITGLIED (TERMINE_ID, MITGLIEDERANWESEND_ID) VALUES (22, 35);
INSERT INTO TERMIN_MITGLIED (TERMINE_ID, MITGLIEDERANWESEND_ID) VALUES (22, 42);
INSERT INTO TERMIN_MITGLIED (TERMINE_ID, MITGLIEDERANWESEND_ID) VALUES (22, 43);
INSERT INTO TERMIN_MITGLIED (TERMINE_ID, MITGLIEDERANWESEND_ID) VALUES (22, 44);
--Tennis -> Mitglieder angemeldet(iEd´s) :   1 2 3 5 6 9 13 24 25 26 27 28
INSERT INTO TERMIN_MITGLIED (TERMINE_ID, MITGLIEDERANWESEND_ID) VALUES (31, 1 );
INSERT INTO TERMIN_MITGLIED (TERMINE_ID, MITGLIEDERANWESEND_ID) VALUES (31, 2 );
INSERT INTO TERMIN_MITGLIED (TERMINE_ID, MITGLIEDERANWESEND_ID) VALUES (31, 3 );
INSERT INTO TERMIN_MITGLIED (TERMINE_ID, MITGLIEDERANWESEND_ID) VALUES (31, 5 );
INSERT INTO TERMIN_MITGLIED (TERMINE_ID, MITGLIEDERANWESEND_ID) VALUES (31, 6 );
INSERT INTO TERMIN_MITGLIED (TERMINE_ID, MITGLIEDERANWESEND_ID) VALUES (31, 9 );
INSERT INTO TERMIN_MITGLIED (TERMINE_ID, MITGLIEDERANWESEND_ID) VALUES (31, 13);
INSERT INTO TERMIN_MITGLIED (TERMINE_ID, MITGLIEDERANWESEND_ID) VALUES (31, 26);
INSERT INTO TERMIN_MITGLIED (TERMINE_ID, MITGLIEDERANWESEND_ID) VALUES (31, 28);
INSERT INTO TERMIN_MITGLIED (TERMINE_ID, MITGLIEDERANWESEND_ID) VALUES (32, 5 );
INSERT INTO TERMIN_MITGLIED (TERMINE_ID, MITGLIEDERANWESEND_ID) VALUES (32, 9 );
INSERT INTO TERMIN_MITGLIED (TERMINE_ID, MITGLIEDERANWESEND_ID) VALUES (32, 13);
INSERT INTO TERMIN_MITGLIED (TERMINE_ID, MITGLIEDERANWESEND_ID) VALUES (32, 24);
INSERT INTO TERMIN_MITGLIED (TERMINE_ID, MITGLIEDERANWESEND_ID) VALUES (32, 26);
INSERT INTO TERMIN_MITGLIED (TERMINE_ID, MITGLIEDERANWESEND_ID) VALUES (32, 27);
--Tischtennis -> Mitglieder angemelEdet(id´s) :  5 7 13 19 21 35 36 39 41 26 42 43
INSERT INTO TERMIN_MITGLIED (TERMINE_ID, MITGLIEDERANWESEND_ID) VALUES (41, 5 );
INSERT INTO TERMIN_MITGLIED (TERMINE_ID, MITGLIEDERANWESEND_ID) VALUES (41, 7 );
INSERT INTO TERMIN_MITGLIED (TERMINE_ID, MITGLIEDERANWESEND_ID) VALUES (41, 13);
INSERT INTO TERMIN_MITGLIED (TERMINE_ID, MITGLIEDERANWESEND_ID) VALUES (41, 21);
INSERT INTO TERMIN_MITGLIED (TERMINE_ID, MITGLIEDERANWESEND_ID) VALUES (41, 39);
INSERT INTO TERMIN_MITGLIED (TERMINE_ID, MITGLIEDERANWESEND_ID) VALUES (41, 41);
INSERT INTO TERMIN_MITGLIED (TERMINE_ID, MITGLIEDERANWESEND_ID) VALUES (41, 26);
INSERT INTO TERMIN_MITGLIED (TERMINE_ID, MITGLIEDERANWESEND_ID) VALUES (42, 5 );
INSERT INTO TERMIN_MITGLIED (TERMINE_ID, MITGLIEDERANWESEND_ID) VALUES (42, 7 );
INSERT INTO TERMIN_MITGLIED (TERMINE_ID, MITGLIEDERANWESEND_ID) VALUES (42, 13);
INSERT INTO TERMIN_MITGLIED (TERMINE_ID, MITGLIEDERANWESEND_ID) VALUES (42, 21);
INSERT INTO TERMIN_MITGLIED (TERMINE_ID, MITGLIEDERANWESEND_ID) VALUES (42, 35);
INSERT INTO TERMIN_MITGLIED (TERMINE_ID, MITGLIEDERANWESEND_ID) VALUES (42, 36);
INSERT INTO TERMIN_MITGLIED (TERMINE_ID, MITGLIEDERANWESEND_ID) VALUES (42, 39);
INSERT INTO TERMIN_MITGLIED (TERMINE_ID, MITGLIEDERANWESEND_ID) VALUES (42, 41);
INSERT INTO TERMIN_MITGLIED (TERMINE_ID, MITGLIEDERANWESEND_ID) VALUES (42, 26);
INSERT INTO TERMIN_MITGLIED (TERMINE_ID, MITGLIEDERANWESEND_ID) VALUES (42, 42);
INSERT INTO TERMIN_MITGLIED (TERMINE_ID, MITGLIEDERANWESEND_ID) VALUES (43, 5 );
INSERT INTO TERMIN_MITGLIED (TERMINE_ID, MITGLIEDERANWESEND_ID) VALUES (43, 7 );
INSERT INTO TERMIN_MITGLIED (TERMINE_ID, MITGLIEDERANWESEND_ID) VALUES (43, 13);
INSERT INTO TERMIN_MITGLIED (TERMINE_ID, MITGLIEDERANWESEND_ID) VALUES (43, 19);
INSERT INTO TERMIN_MITGLIED (TERMINE_ID, MITGLIEDERANWESEND_ID) VALUES (43, 35);
INSERT INTO TERMIN_MITGLIED (TERMINE_ID, MITGLIEDERANWESEND_ID) VALUES (43, 39);
INSERT INTO TERMIN_MITGLIED (TERMINE_ID, MITGLIEDERANWESEND_ID) VALUES (43, 41);
INSERT INTO TERMIN_MITGLIED (TERMINE_ID, MITGLIEDERANWESEND_ID) VALUES (43, 26);
INSERT INTO TERMIN_MITGLIED (TERMINE_ID, MITGLIEDERANWESEND_ID) VALUES (43, 43);
--Basketball -> Mitglieder angemeldEet(id´s) :  2 4 14 27 32 37 40 42 47 48 8 3
INSERT INTO TERMIN_MITGLIED (TERMINE_ID, MITGLIEDERANWESEND_ID) VALUES (51, 2);
INSERT INTO TERMIN_MITGLIED (TERMINE_ID, MITGLIEDERANWESEND_ID) VALUES (51, 27);
INSERT INTO TERMIN_MITGLIED (TERMINE_ID, MITGLIEDERANWESEND_ID) VALUES (51, 32);
INSERT INTO TERMIN_MITGLIED (TERMINE_ID, MITGLIEDERANWESEND_ID) VALUES (51, 40);
INSERT INTO TERMIN_MITGLIED (TERMINE_ID, MITGLIEDERANWESEND_ID) VALUES (51, 42);
INSERT INTO TERMIN_MITGLIED (TERMINE_ID, MITGLIEDERANWESEND_ID) VALUES (51, 47);
INSERT INTO TERMIN_MITGLIED (TERMINE_ID, MITGLIEDERANWESEND_ID) VALUES (51, 48);
INSERT INTO TERMIN_MITGLIED (TERMINE_ID, MITGLIEDERANWESEND_ID) VALUES (51, 8 );
INSERT INTO TERMIN_MITGLIED (TERMINE_ID, MITGLIEDERANWESEND_ID) VALUES (52, 2 );
INSERT INTO TERMIN_MITGLIED (TERMINE_ID, MITGLIEDERANWESEND_ID) VALUES (52, 14);
INSERT INTO TERMIN_MITGLIED (TERMINE_ID, MITGLIEDERANWESEND_ID) VALUES (52, 32);
INSERT INTO TERMIN_MITGLIED (TERMINE_ID, MITGLIEDERANWESEND_ID) VALUES (52, 37);
INSERT INTO TERMIN_MITGLIED (TERMINE_ID, MITGLIEDERANWESEND_ID) VALUES (52, 40);
INSERT INTO TERMIN_MITGLIED (TERMINE_ID, MITGLIEDERANWESEND_ID) VALUES (52, 42);
INSERT INTO TERMIN_MITGLIED (TERMINE_ID, MITGLIEDERANWESEND_ID) VALUES (52, 47);
INSERT INTO TERMIN_MITGLIED (TERMINE_ID, MITGLIEDERANWESEND_ID) VALUES (52, 8 );
INSERT INTO TERMIN_MITGLIED (TERMINE_ID, MITGLIEDERANWESEND_ID) VALUES (53, 2 );
INSERT INTO TERMIN_MITGLIED (TERMINE_ID, MITGLIEDERANWESEND_ID) VALUES (53, 4 );
INSERT INTO TERMIN_MITGLIED (TERMINE_ID, MITGLIEDERANWESEND_ID) VALUES (53, 14);
INSERT INTO TERMIN_MITGLIED (TERMINE_ID, MITGLIEDERANWESEND_ID) VALUES (53, 27);
INSERT INTO TERMIN_MITGLIED (TERMINE_ID, MITGLIEDERANWESEND_ID) VALUES (53, 32);
INSERT INTO TERMIN_MITGLIED (TERMINE_ID, MITGLIEDERANWESEND_ID) VALUES (53, 37);
INSERT INTO TERMIN_MITGLIED (TERMINE_ID, MITGLIEDERANWESEND_ID) VALUES (53, 42);
INSERT INTO TERMIN_MITGLIED (TERMINE_ID, MITGLIEDERANWESEND_ID) VALUES (53, 47);
INSERT INTO TERMIN_MITGLIED (TERMINE_ID, MITGLIEDERANWESEND_ID) VALUES (53, 48);
INSERT INTO TERMIN_MITGLIED (TERMINE_ID, MITGLIEDERANWESEND_ID) VALUES (53, 8 );
INSERT INTO TERMIN_MITGLIED (TERMINE_ID, MITGLIEDERANWESEND_ID) VALUES (53, 3 );
--Bogenschießen -> Mitglieder angemEeldet(id´s) :  4 8 48 9 13 15 16 18 23 24 29 30
INSERT INTO TERMIN_MITGLIED (TERMINE_ID, MITGLIEDERANWESEND_ID) VALUES (61, 15);
INSERT INTO TERMIN_MITGLIED (TERMINE_ID, MITGLIEDERANWESEND_ID) VALUES (61, 16);
INSERT INTO TERMIN_MITGLIED (TERMINE_ID, MITGLIEDERANWESEND_ID) VALUES (61, 18);
INSERT INTO TERMIN_MITGLIED (TERMINE_ID, MITGLIEDERANWESEND_ID) VALUES (61, 23);
INSERT INTO TERMIN_MITGLIED (TERMINE_ID, MITGLIEDERANWESEND_ID) VALUES (61, 24);
INSERT INTO TERMIN_MITGLIED (TERMINE_ID, MITGLIEDERANWESEND_ID) VALUES (61, 29);
INSERT INTO TERMIN_MITGLIED (TERMINE_ID, MITGLIEDERANWESEND_ID) VALUES (62, 4 );
INSERT INTO TERMIN_MITGLIED (TERMINE_ID, MITGLIEDERANWESEND_ID) VALUES (62, 8 );
INSERT INTO TERMIN_MITGLIED (TERMINE_ID, MITGLIEDERANWESEND_ID) VALUES (62, 9 );
INSERT INTO TERMIN_MITGLIED (TERMINE_ID, MITGLIEDERANWESEND_ID) VALUES (62, 13);
INSERT INTO TERMIN_MITGLIED (TERMINE_ID, MITGLIEDERANWESEND_ID) VALUES (62, 23);
INSERT INTO TERMIN_MITGLIED (TERMINE_ID, MITGLIEDERANWESEND_ID) VALUES (62, 24);
INSERT INTO TERMIN_MITGLIED (TERMINE_ID, MITGLIEDERANWESEND_ID) VALUES (63, 4 );
INSERT INTO TERMIN_MITGLIED (TERMINE_ID, MITGLIEDERANWESEND_ID) VALUES (63, 8 );
INSERT INTO TERMIN_MITGLIED (TERMINE_ID, MITGLIEDERANWESEND_ID) VALUES (63, 48);
INSERT INTO TERMIN_MITGLIED (TERMINE_ID, MITGLIEDERANWESEND_ID) VALUES (63, 13);
INSERT INTO TERMIN_MITGLIED (TERMINE_ID, MITGLIEDERANWESEND_ID) VALUES (63, 16);
INSERT INTO TERMIN_MITGLIED (TERMINE_ID, MITGLIEDERANWESEND_ID) VALUES (63, 18);
INSERT INTO TERMIN_MITGLIED (TERMINE_ID, MITGLIEDERANWESEND_ID) VALUES (63, 23);
INSERT INTO TERMIN_MITGLIED (TERMINE_ID, MITGLIEDERANWESEND_ID) VALUES (63, 24);
INSERT INTO TERMIN_MITGLIED (TERMINE_ID, MITGLIEDERANWESEND_ID) VALUES (63, 30);
--Bowling -> Mitglieder angemeldet(Eid´s) :  5 6 10 17 23 35 37 38 39 40 48 45
INSERT INTO TERMIN_MITGLIED (TERMINE_ID, MITGLIEDERANWESEND_ID) VALUES (71, 6 );
INSERT INTO TERMIN_MITGLIED (TERMINE_ID, MITGLIEDERANWESEND_ID) VALUES (71, 10);
INSERT INTO TERMIN_MITGLIED (TERMINE_ID, MITGLIEDERANWESEND_ID) VALUES (71, 23);
INSERT INTO TERMIN_MITGLIED (TERMINE_ID, MITGLIEDERANWESEND_ID) VALUES (71, 35);
INSERT INTO TERMIN_MITGLIED (TERMINE_ID, MITGLIEDERANWESEND_ID) VALUES (71, 37);
INSERT INTO TERMIN_MITGLIED (TERMINE_ID, MITGLIEDERANWESEND_ID) VALUES (71, 39);
INSERT INTO TERMIN_MITGLIED (TERMINE_ID, MITGLIEDERANWESEND_ID) VALUES (71, 48);
INSERT INTO TERMIN_MITGLIED (TERMINE_ID, MITGLIEDERANWESEND_ID) VALUES (71, 45);
INSERT INTO TERMIN_MITGLIED (TERMINE_ID, MITGLIEDERANWESEND_ID) VALUES (72, 5 );
INSERT INTO TERMIN_MITGLIED (TERMINE_ID, MITGLIEDERANWESEND_ID) VALUES (72, 6 );
INSERT INTO TERMIN_MITGLIED (TERMINE_ID, MITGLIEDERANWESEND_ID) VALUES (72, 10);
INSERT INTO TERMIN_MITGLIED (TERMINE_ID, MITGLIEDERANWESEND_ID) VALUES (72, 23);
INSERT INTO TERMIN_MITGLIED (TERMINE_ID, MITGLIEDERANWESEND_ID) VALUES (72, 37);
INSERT INTO TERMIN_MITGLIED (TERMINE_ID, MITGLIEDERANWESEND_ID) VALUES (72, 39);
INSERT INTO TERMIN_MITGLIED (TERMINE_ID, MITGLIEDERANWESEND_ID) VALUES (73, 6 );
INSERT INTO TERMIN_MITGLIED (TERMINE_ID, MITGLIEDERANWESEND_ID) VALUES (73, 17);
INSERT INTO TERMIN_MITGLIED (TERMINE_ID, MITGLIEDERANWESEND_ID) VALUES (73, 23);
INSERT INTO TERMIN_MITGLIED (TERMINE_ID, MITGLIEDERANWESEND_ID) VALUES (73, 35);
INSERT INTO TERMIN_MITGLIED (TERMINE_ID, MITGLIEDERANWESEND_ID) VALUES (73, 37);
INSERT INTO TERMIN_MITGLIED (TERMINE_ID, MITGLIEDERANWESEND_ID) VALUES (73, 38);
INSERT INTO TERMIN_MITGLIED (TERMINE_ID, MITGLIEDERANWESEND_ID) VALUES (73, 39);
INSERT INTO TERMIN_MITGLIED (TERMINE_ID, MITGLIEDERANWESEND_ID) VALUES (73, 40);
INSERT INTO TERMIN_MITGLIED (TERMINE_ID, MITGLIEDERANWESEND_ID) VALUES (73, 48);
INSERT INTO TERMIN_MITGLIED (TERMINE_ID, MITGLIEDERANWESEND_ID) VALUES (73, 45);
INSERT INTO TERMIN_MITGLIED (TERMINE_ID, MITGLIEDERANWESEND_ID) VALUES (74, 5 );
INSERT INTO TERMIN_MITGLIED (TERMINE_ID, MITGLIEDERANWESEND_ID) VALUES (74, 6 );
INSERT INTO TERMIN_MITGLIED (TERMINE_ID, MITGLIEDERANWESEND_ID) VALUES (74, 17);
INSERT INTO TERMIN_MITGLIED (TERMINE_ID, MITGLIEDERANWESEND_ID) VALUES (74, 23);
INSERT INTO TERMIN_MITGLIED (TERMINE_ID, MITGLIEDERANWESEND_ID) VALUES (74, 35);
INSERT INTO TERMIN_MITGLIED (TERMINE_ID, MITGLIEDERANWESEND_ID) VALUES (74, 37);
INSERT INTO TERMIN_MITGLIED (TERMINE_ID, MITGLIEDERANWESEND_ID) VALUES (74, 38);
INSERT INTO TERMIN_MITGLIED (TERMINE_ID, MITGLIEDERANWESEND_ID) VALUES (74, 39);
INSERT INTO TERMIN_MITGLIED (TERMINE_ID, MITGLIEDERANWESEND_ID) VALUES (74, 40);
INSERT INTO TERMIN_MITGLIED (TERMINE_ID, MITGLIEDERANWESEND_ID) VALUES (74, 48);
INSERT INTO TERMIN_MITGLIED (TERMINE_ID, MITGLIEDERANWESEND_ID) VALUES (75, 5 );
INSERT INTO TERMIN_MITGLIED (TERMINE_ID, MITGLIEDERANWESEND_ID) VALUES (75, 6 );
INSERT INTO TERMIN_MITGLIED (TERMINE_ID, MITGLIEDERANWESEND_ID) VALUES (75, 10);
INSERT INTO TERMIN_MITGLIED (TERMINE_ID, MITGLIEDERANWESEND_ID) VALUES (75, 23);
INSERT INTO TERMIN_MITGLIED (TERMINE_ID, MITGLIEDERANWESEND_ID) VALUES (75, 35);
INSERT INTO TERMIN_MITGLIED (TERMINE_ID, MITGLIEDERANWESEND_ID) VALUES (75, 37);
INSERT INTO TERMIN_MITGLIED (TERMINE_ID, MITGLIEDERANWESEND_ID) VALUES (75, 39);
INSERT INTO TERMIN_MITGLIED (TERMINE_ID, MITGLIEDERANWESEND_ID) VALUES (75, 40);
INSERT INTO TERMIN_MITGLIED (TERMINE_ID, MITGLIEDERANWESEND_ID) VALUES (75, 48);
INSERT INTO TERMIN_MITGLIED (TERMINE_ID, MITGLIEDERANWESEND_ID) VALUES (76, 5 );
INSERT INTO TERMIN_MITGLIED (TERMINE_ID, MITGLIEDERANWESEND_ID) VALUES (76, 6 );
INSERT INTO TERMIN_MITGLIED (TERMINE_ID, MITGLIEDERANWESEND_ID) VALUES (76, 17);
INSERT INTO TERMIN_MITGLIED (TERMINE_ID, MITGLIEDERANWESEND_ID) VALUES (76, 23);
INSERT INTO TERMIN_MITGLIED (TERMINE_ID, MITGLIEDERANWESEND_ID) VALUES (76, 37);
INSERT INTO TERMIN_MITGLIED (TERMINE_ID, MITGLIEDERANWESEND_ID) VALUES (76, 39);
INSERT INTO TERMIN_MITGLIED (TERMINE_ID, MITGLIEDERANWESEND_ID) VALUES (76, 40);
--Eishockey -> Mitglieder angemeldeEt(id´s) :  1 46 2 4 11 14 16 47 18 30 32 34
INSERT INTO TERMIN_MITGLIED (TERMINE_ID, MITGLIEDERANWESEND_ID) VALUES (81, 2 );
INSERT INTO TERMIN_MITGLIED (TERMINE_ID, MITGLIEDERANWESEND_ID) VALUES (81, 14);
INSERT INTO TERMIN_MITGLIED (TERMINE_ID, MITGLIEDERANWESEND_ID) VALUES (81, 16);
INSERT INTO TERMIN_MITGLIED (TERMINE_ID, MITGLIEDERANWESEND_ID) VALUES (81, 47);
INSERT INTO TERMIN_MITGLIED (TERMINE_ID, MITGLIEDERANWESEND_ID) VALUES (81, 32);
INSERT INTO TERMIN_MITGLIED (TERMINE_ID, MITGLIEDERANWESEND_ID) VALUES (82, 1 );
INSERT INTO TERMIN_MITGLIED (TERMINE_ID, MITGLIEDERANWESEND_ID) VALUES (82, 46);
INSERT INTO TERMIN_MITGLIED (TERMINE_ID, MITGLIEDERANWESEND_ID) VALUES (82, 2 );
INSERT INTO TERMIN_MITGLIED (TERMINE_ID, MITGLIEDERANWESEND_ID) VALUES (82, 4 );
INSERT INTO TERMIN_MITGLIED (TERMINE_ID, MITGLIEDERANWESEND_ID) VALUES (82, 16);
INSERT INTO TERMIN_MITGLIED (TERMINE_ID, MITGLIEDERANWESEND_ID) VALUES (82, 32);
INSERT INTO TERMIN_MITGLIED (TERMINE_ID, MITGLIEDERANWESEND_ID) VALUES (82, 34);
INSERT INTO TERMIN_MITGLIED (TERMINE_ID, MITGLIEDERANWESEND_ID) VALUES (83, 1 );
INSERT INTO TERMIN_MITGLIED (TERMINE_ID, MITGLIEDERANWESEND_ID) VALUES (83, 46);
INSERT INTO TERMIN_MITGLIED (TERMINE_ID, MITGLIEDERANWESEND_ID) VALUES (83, 2 );
INSERT INTO TERMIN_MITGLIED (TERMINE_ID, MITGLIEDERANWESEND_ID) VALUES (83, 4 );
INSERT INTO TERMIN_MITGLIED (TERMINE_ID, MITGLIEDERANWESEND_ID) VALUES (83, 11);
INSERT INTO TERMIN_MITGLIED (TERMINE_ID, MITGLIEDERANWESEND_ID) VALUES (83, 47);
INSERT INTO TERMIN_MITGLIED (TERMINE_ID, MITGLIEDERANWESEND_ID) VALUES (83, 18);
INSERT INTO TERMIN_MITGLIED (TERMINE_ID, MITGLIEDERANWESEND_ID) VALUES (83, 30);
INSERT INTO TERMIN_MITGLIED (TERMINE_ID, MITGLIEDERANWESEND_ID) VALUES (83, 32);
INSERT INTO TERMIN_MITGLIED (TERMINE_ID, MITGLIEDERANWESEND_ID) VALUES (83, 34);
--Federball -> Mitglieder angemeldeEt(id´s) :  6 7 20 27 29 30 32 36 46 1 47 18
INSERT INTO TERMIN_MITGLIED (TERMINE_ID, MITGLIEDERANWESEND_ID) VALUES (91, 6 );
INSERT INTO TERMIN_MITGLIED (TERMINE_ID, MITGLIEDERANWESEND_ID) VALUES (91, 20);
INSERT INTO TERMIN_MITGLIED (TERMINE_ID, MITGLIEDERANWESEND_ID) VALUES (91, 29);
INSERT INTO TERMIN_MITGLIED (TERMINE_ID, MITGLIEDERANWESEND_ID) VALUES (91, 30);
INSERT INTO TERMIN_MITGLIED (TERMINE_ID, MITGLIEDERANWESEND_ID) VALUES (91, 32);
INSERT INTO TERMIN_MITGLIED (TERMINE_ID, MITGLIEDERANWESEND_ID) VALUES (91, 36);
INSERT INTO TERMIN_MITGLIED (TERMINE_ID, MITGLIEDERANWESEND_ID) VALUES (91, 1 );
INSERT INTO TERMIN_MITGLIED (TERMINE_ID, MITGLIEDERANWESEND_ID) VALUES (91, 47);
INSERT INTO TERMIN_MITGLIED (TERMINE_ID, MITGLIEDERANWESEND_ID) VALUES (92, 6 );
INSERT INTO TERMIN_MITGLIED (TERMINE_ID, MITGLIEDERANWESEND_ID) VALUES (92, 7 );
INSERT INTO TERMIN_MITGLIED (TERMINE_ID, MITGLIEDERANWESEND_ID) VALUES (92, 27);
INSERT INTO TERMIN_MITGLIED (TERMINE_ID, MITGLIEDERANWESEND_ID) VALUES (92, 29);
INSERT INTO TERMIN_MITGLIED (TERMINE_ID, MITGLIEDERANWESEND_ID) VALUES (92, 30);
INSERT INTO TERMIN_MITGLIED (TERMINE_ID, MITGLIEDERANWESEND_ID) VALUES (92, 46);
INSERT INTO TERMIN_MITGLIED (TERMINE_ID, MITGLIEDERANWESEND_ID) VALUES (92, 18);
--Golf -> Mitglieder angemeldet(id´Es) : 10 12 17 19 22 25 31 38 33 34 43 44
INSERT INTO TERMIN_MITGLIED (TERMINE_ID, MITGLIEDERANWESEND_ID) VALUES (101, 10);
INSERT INTO TERMIN_MITGLIED (TERMINE_ID, MITGLIEDERANWESEND_ID) VALUES (101, 12);
INSERT INTO TERMIN_MITGLIED (TERMINE_ID, MITGLIEDERANWESEND_ID) VALUES (101, 17);
INSERT INTO TERMIN_MITGLIED (TERMINE_ID, MITGLIEDERANWESEND_ID) VALUES (101, 19);
INSERT INTO TERMIN_MITGLIED (TERMINE_ID, MITGLIEDERANWESEND_ID) VALUES (101, 22);
INSERT INTO TERMIN_MITGLIED (TERMINE_ID, MITGLIEDERANWESEND_ID) VALUES (101, 25);
INSERT INTO TERMIN_MITGLIED (TERMINE_ID, MITGLIEDERANWESEND_ID) VALUES (101, 31);
INSERT INTO TERMIN_MITGLIED (TERMINE_ID, MITGLIEDERANWESEND_ID) VALUES (101, 38);
INSERT INTO TERMIN_MITGLIED (TERMINE_ID, MITGLIEDERANWESEND_ID) VALUES (101, 43);
INSERT INTO TERMIN_MITGLIED (TERMINE_ID, MITGLIEDERANWESEND_ID) VALUES (101, 44);
INSERT INTO TERMIN_MITGLIED (TERMINE_ID, MITGLIEDERANWESEND_ID) VALUES (102, 10);
INSERT INTO TERMIN_MITGLIED (TERMINE_ID, MITGLIEDERANWESEND_ID) VALUES (102, 12);
INSERT INTO TERMIN_MITGLIED (TERMINE_ID, MITGLIEDERANWESEND_ID) VALUES (102, 17);
INSERT INTO TERMIN_MITGLIED (TERMINE_ID, MITGLIEDERANWESEND_ID) VALUES (102, 22);
INSERT INTO TERMIN_MITGLIED (TERMINE_ID, MITGLIEDERANWESEND_ID) VALUES (102, 25);
INSERT INTO TERMIN_MITGLIED (TERMINE_ID, MITGLIEDERANWESEND_ID) VALUES (102, 31);
INSERT INTO TERMIN_MITGLIED (TERMINE_ID, MITGLIEDERANWESEND_ID) VALUES (102, 38);
INSERT INTO TERMIN_MITGLIED (TERMINE_ID, MITGLIEDERANWESEND_ID) VALUES (102, 33);
INSERT INTO TERMIN_MITGLIED (TERMINE_ID, MITGLIEDERANWESEND_ID) VALUES (102, 34);
INSERT INTO TERMIN_MITGLIED (TERMINE_ID, MITGLIEDERANWESEND_ID) VALUES (102, 44);
--Yoga -> Mitglieder angemeldet(id´Es) :  3 40 7 12 10 14 15 22 28 36 37 31
INSERT INTO TERMIN_MITGLIED (TERMINE_ID, MITGLIEDERANWESEND_ID) VALUES (111, 40);
INSERT INTO TERMIN_MITGLIED (TERMINE_ID, MITGLIEDERANWESEND_ID) VALUES (111, 7 );
INSERT INTO TERMIN_MITGLIED (TERMINE_ID, MITGLIEDERANWESEND_ID) VALUES (111, 12);
INSERT INTO TERMIN_MITGLIED (TERMINE_ID, MITGLIEDERANWESEND_ID) VALUES (111, 10);
INSERT INTO TERMIN_MITGLIED (TERMINE_ID, MITGLIEDERANWESEND_ID) VALUES (111, 14);
INSERT INTO TERMIN_MITGLIED (TERMINE_ID, MITGLIEDERANWESEND_ID) VALUES (111, 15);
INSERT INTO TERMIN_MITGLIED (TERMINE_ID, MITGLIEDERANWESEND_ID) VALUES (111, 22);
INSERT INTO TERMIN_MITGLIED (TERMINE_ID, MITGLIEDERANWESEND_ID) VALUES (111, 37);
INSERT INTO TERMIN_MITGLIED (TERMINE_ID, MITGLIEDERANWESEND_ID) VALUES (112, 3 );
INSERT INTO TERMIN_MITGLIED (TERMINE_ID, MITGLIEDERANWESEND_ID) VALUES (112, 7 );
INSERT INTO TERMIN_MITGLIED (TERMINE_ID, MITGLIEDERANWESEND_ID) VALUES (112, 12);
INSERT INTO TERMIN_MITGLIED (TERMINE_ID, MITGLIEDERANWESEND_ID) VALUES (112, 10);
INSERT INTO TERMIN_MITGLIED (TERMINE_ID, MITGLIEDERANWESEND_ID) VALUES (112, 15);
INSERT INTO TERMIN_MITGLIED (TERMINE_ID, MITGLIEDERANWESEND_ID) VALUES (112, 22);
INSERT INTO TERMIN_MITGLIED (TERMINE_ID, MITGLIEDERANWESEND_ID) VALUES (112, 28);
INSERT INTO TERMIN_MITGLIED (TERMINE_ID, MITGLIEDERANWESEND_ID) VALUES (112, 36);
INSERT INTO TERMIN_MITGLIED (TERMINE_ID, MITGLIEDERANWESEND_ID) VALUES (112, 37);




